"#","Device Id","Event Id","Timestamp","Make","Model","Max Speed","Max Altitude","Basic ID","UA Type","Direction (°)","Geometric Altitude (m)","Height (m)","Speed (m/s)","Location Status","Vertical Speed (m/s)","Operator ID","Operator Type","Self ID","Self ID Type","System Geometric Altitude (m)","System Latitude","System Longitude","ODID Location Latitude","ODID Location Longitude","Frame Time (UTC)","Radio BSSID","Radio Channel","Frequency (MHz)","RSSI (dBm)","SSID","Radio Type","Latitude","Longitude","Altitude (m)"
1,"1581F5FJC247600D3DBP","J1zcGwYsRC7E","Sep 28, 2026, 2:53:06 PM EDT","Unknown","Unknown","Unknown","Unknown","1581F5FJC247600D3DBP","2","N/A","110","80","0","2","0","FIN87astrdge12k8","0","Drone ID test flight---","0","20.5","26.65975517901853","-81.81467762800405","26.652624749915518","-81.8172763208607","Aug 06, 2024 19:00:34.115516 UTC","00:0e:8e:bf:0e:69","6","2437","-62","DroneIDTest","wlan","26.652624749915518","-81.8172763208607","54.7"
2,"1581F5FJC247600D3DBP","J1zcGwYsRC7E","Sep 28, 2026, 2:53:06 PM EDT","Unknown","Unknown","Unknown","Unknown","1581F5FJC247600D3DBP","2","N/A","110","80","0","2","0","FIN87astrdge12k8","0","Drone ID test flight---","0","20.5","26.65975517901853","-81.81467762800405","26.652624749915518","-81.8172763208607","Aug 06, 2024 19:00:34.115516 UTC","00:0e:8e:bf:0e:69","6","2437","-62","DroneIDTest","wlan","26.652624749915518","-81.8172763208607","55.3"
3,"1581F5FJC247600D3DBP","J1zcGwYsRC7E","Sep 28, 2026, 2:53:06 PM EDT","Unknown","Unknown","Unknown","Unknown","1581F5FJC247600D3DBP","2","N/A","110","80","0","2","0","FIN87astrdge12k8","0","Drone ID test flight---","0","20.5","26.65975517901853","-81.81467762800405","26.652624749915518","-81.8172763208607","Aug 06, 2024 19:00:34.115516 UTC","00:0e:8e:bf:0e:69","6","2437","-62","DroneIDTest","wlan","26.652624749915518","-81.8172763208607","55.6"
4,"1581F5FJC247600D3DBP","J1zcGwYsRC7E","Sep 28, 2026, 2:53:08 PM EDT","Unknown","Unknown","Unknown","Unknown","1581F5FJC247600D3DBP","2","N/A","110","80","0","2","0","FIN87astrdge12k8","0","Drone ID test flight---","0","20.5","26.65975517901853","-81.81467762800405","26.651345152376244","-81.81631577160888","Aug 06, 2024 19:00:34.115516 UTC","00:0e:8e:bf:0e:69","6","2437","-62","DroneIDTest","wlan","26.651345152376244","-81.81631577160888","56.8"
5,"1581F5FJC247600D3DBP","J1zcGwYsRC7E","Sep 28, 2026, 2:53:08 PM EDT","Unknown","Unknown","Unknown","Unknown","1581F5FJC247600D3DBP","2","N/A","110","80","0","2","0","FIN87astrdge12k8","0","Drone ID test flight---","0","20.5","26.65975517901853","-81.81467762800405","26.651345152376244","-81.81631577160888","Aug 06, 2024 19:00:34.115516 UTC","00:0e:8e:bf:0e:69","6","2437","-62","DroneIDTest","wlan","26.651345152376244","-81.81631577160888","57.1"
6,"1581F5FJC247600D3DBP","J1zcGwYsRC7E","Sep 28, 2026, 2:53:08 PM EDT","Unknown","Unknown","Unknown","Unknown","1581F5FJC247600D3DBP","2","N/A","110","80","0","2","0","FIN87astrdge12k8","0","Drone ID test flight---","0","20.5","26.65975517901853","-81.81467762800405","26.651345152376244","-81.81631577160888","Aug 06, 2024 19:00:34.115516 UTC","00:0e:8e:bf:0e:69","6","2437","-62","DroneIDTest","wlan","26.651345152376244","-81.81631577160888","55.2"
7,"1581F5FJC247600D3DBP","J1zcGwYsRC7E","Sep 28, 2026, 2:53:10 PM EDT","Unknown","Unknown","Unknown","Unknown","1581F5FJC247600D3DBP","2","N/A","110","80","0","2","0","FIN87astrdge12k8","0","Drone ID test flight---","0","20.5","26.65975517901853","-81.81467762800405","26.65091973041123","-81.8146646390886","Aug 06, 2024 19:00:34.115516 UTC","00:0e:8e:bf:0e:69","6","2437","-62","DroneIDTest","wlan","26.65091973041123","-81.8146646390886","55.9"
8,"1581F5FJC247600D3DBP","J1zcGwYsRC7E","Sep 28, 2026, 2:53:10 PM EDT","Unknown","Unknown","Unknown","Unknown","1581F5FJC247600D3DBP","2","N/A","110","80","0","2","0","FIN87astrdge12k8","0","Drone ID test flight---","0","20.5","26.65975517901853","-81.81467762800405","26.65091973041123","-81.8146646390886","Aug 06, 2024 19:00:34.115516 UTC","00:0e:8e:bf:0e:69","6","2437","-62","DroneIDTest","wlan","26.65091973041123","-81.8146646390886","55.5"
9,"1581F5FJC247600D3DBP","J1zcGwYsRC7E","Sep 28, 2026, 2:53:10 PM EDT","Unknown","Unknown","Unknown","Unknown","1581F5FJC247600D3DBP","2","N/A","110","80","0","2","0","FIN87astrdge12k8","0","Drone ID test flight---","0","20.5","26.65975517901853","-81.81467762800405","26.65091973041123","-81.8146646390886","Aug 06, 2024 19:00:34.115516 UTC","00:0e:8e:bf:0e:69","6","2437","-62","DroneIDTest","wlan","26.65091973041123","-81.8146646390886","55.7"
10,"1581F5FJC247600D3DBP","J1zcGwYsRC7E","Sep 28, 2026, 2:53:12 PM EDT","Unknown","Unknown","Unknown","Unknown","1581F5FJC247600D3DBP","2","N/A","110","80","0","2","0","FIN87astrdge12k8","0","Drone ID test flight---","0","20.5","26.65975517901853","-81.81467762800405","26.65154749311592","-81.81309546308422","Aug 06, 2024 19:00:34.115516 UTC","00:0e:8e:bf:0e:69","6","2437","-62","DroneIDTest","wlan","26.65154749311592","-81.81309546308422","55.6"
11,"1581F5FJC247600D3DBP","J1zcGwYsRC7E","Sep 28, 2026, 2:53:12 PM EDT","Unknown","Unknown","Unknown","Unknown","1581F5FJC247600D3DBP","2","N/A","110","80","0","2","0","FIN87astrdge12k8","0","Drone ID test flight---","0","20.5","26.65975517901853","-81.81467762800405","26.65154749311592","-81.81309546308422","Aug 06, 2024 19:00:34.115516 UTC","00:0e:8e:bf:0e:69","6","2437","-62","DroneIDTest","wlan","26.65154749311592","-81.81309546308422","57.5"
12,"1581F5FJC247600D3DBP","J1zcGwYsRC7E","Sep 28, 2026, 2:53:12 PM EDT","Unknown","Unknown","Unknown","Unknown","1581F5FJC247600D3DBP","2","N/A","110","80","0","2","0","FIN87astrdge12k8","0","Drone ID test flight---","0","20.5","26.65975517901853","-81.81467762800405","26.65154749311592","-81.81309546308422","Aug 06, 2024 19:00:34.115516 UTC","00:0e:8e:bf:0e:69","6","2437","-62","DroneIDTest","wlan","26.65154749311592","-81.81309546308422","56.6"
13,"1581F5FJC247600D3DBP","J1zcGwYsRC7E","Sep 28, 2026, 2:53:14 PM EDT","Unknown","Unknown","Unknown","Unknown","1581F5FJC247600D3DBP","2","N/A","110","80","0","2","0","FIN87astrdge12k8","0","Drone ID test flight---","0","20.5","26.65975517901853","-81.81467762800405","26.652934715693384","-81.81234245333043","Aug 06, 2024 19:00:34.115516 UTC","00:0e:8e:bf:0e:69","6","2437","-62","DroneIDTest","wlan","26.652934715693384","-81.81234245333043","57"
14,"1581F5FJC247600D3DBP","J1zcGwYsRC7E","Sep 28, 2026, 2:53:14 PM EDT","Unknown","Unknown","Unknown","Unknown","1581F5FJC247600D3DBP","2","N/A","110","80","0","2","0","FIN87astrdge12k8","0","Drone ID test flight---","0","20.5","26.65975517901853","-81.81467762800405","26.652934715693384","-81.81234245333043","Aug 06, 2024 19:00:34.115516 UTC","00:0e:8e:bf:0e:69","6","2437","-62","DroneIDTest","wlan","26.652934715693384","-81.81234245333043","58.3"
15,"1581F5FJC247600D3DBP","J1zcGwYsRC7E","Sep 28, 2026, 2:53:14 PM EDT","Unknown","Unknown","Unknown","Unknown","1581F5FJC247600D3DBP","2","N/A","110","80","0","2","0","FIN87astrdge12k8","0","Drone ID test flight---","0","20.5","26.65975517901853","-81.81467762800405","26.652934715693384","-81.81234245333043","Aug 06, 2024 19:00:34.115516 UTC","00:0e:8e:bf:0e:69","6","2437","-62","DroneIDTest","wlan","26.652934715693384","-81.81234245333043","58.5"
16,"1581F5FJC247600D3DBP","J1zcGwYsRC7E","Sep 28, 2026, 2:53:16 PM EDT","Unknown","Unknown","Unknown","Unknown","1581F5FJC247600D3DBP","2","N/A","110","80","0","2","0","FIN87astrdge12k8","0","Drone ID test flight---","0","20.5","26.65975517901853","-81.81467762800405","26.654432314378614","-81.81275797460476","Aug 06, 2024 19:00:34.115516 UTC","00:0e:8e:bf:0e:69","6","2437","-62","DroneIDTest","wlan","26.654432314378614","-81.81275797460476","60"
17,"1581F5FJC247600D3DBP","J1zcGwYsRC7E","Sep 28, 2026, 2:53:16 PM EDT","Unknown","Unknown","Unknown","Unknown","1581F5FJC247600D3DBP","2","N/A","110","80","0","2","0","FIN87astrdge12k8","0","Drone ID test flight---","0","20.5","26.65975517901853","-81.81467762800405","26.654432314378614","-81.81275797460476","Aug 06, 2024 19:00:34.115516 UTC","00:0e:8e:bf:0e:69","6","2437","-62","DroneIDTest","wlan","26.654432314378614","-81.81275797460476","60.8"
18,"1581F5FJC247600D3DBP","J1zcGwYsRC7E","Sep 28, 2026, 2:53:16 PM EDT","Unknown","Unknown","Unknown","Unknown","1581F5FJC247600D3DBP","2","N/A","110","80","0","2","0","FIN87astrdge12k8","0","Drone ID test flight---","0","20.5","26.65975517901853","-81.81467762800405","26.654432314378614","-81.81275797460476","Aug 06, 2024 19:00:34.115516 UTC","00:0e:8e:bf:0e:69","6","2437","-62","DroneIDTest","wlan","26.654432314378614","-81.81275797460476","59.6"
19,"1581F5FJC247600D3DBP","J1zcGwYsRC7E","Sep 28, 2026, 2:53:18 PM EDT","Unknown","Unknown","Unknown","Unknown","1581F5FJC247600D3DBP","2","N/A","110","80","0","2","0","FIN87astrdge12k8","0","Drone ID test flight---","0","20.5","26.65975517901853","-81.81467762800405","26.655339538301455","-81.81414763308409","Aug 06, 2024 19:00:34.115516 UTC","00:0e:8e:bf:0e:69","6","2437","-62","DroneIDTest","wlan","26.655339538301455","-81.81414763308409","61.3"
20,"1581F5FJC247600D3DBP","J1zcGwYsRC7E","Sep 28, 2026, 2:53:18 PM EDT","Unknown","Unknown","Unknown","Unknown","1581F5FJC247600D3DBP","2","N/A","110","80","0","2","0","FIN87astrdge12k8","0","Drone ID test flight---","0","20.5","26.65975517901853","-81.81467762800405","26.655339538301455","-81.81414763308409","Aug 06, 2024 19:00:34.115516 UTC","00:0e:8e:bf:0e:69","6","2437","-62","DroneIDTest","wlan","26.655339538301455","-81.81414763308409","63.1"
21,"1581F5FJC247600D3DBP","J1zcGwYsRC7E","Sep 28, 2026, 2:53:18 PM EDT","Unknown","Unknown","Unknown","Unknown","1581F5FJC247600D3DBP","2","N/A","110","80","0","2","0","FIN87astrdge12k8","0","Drone ID test flight---","0","20.5","26.65975517901853","-81.81467762800405","26.655339538301455","-81.81414763308409","Aug 06, 2024 19:00:34.115516 UTC","00:0e:8e:bf:0e:69","6","2437","-62","DroneIDTest","wlan","26.655339538301455","-81.81414763308409","63.2"
22,"1581F5FJC247600D3DBP","J1zcGwYsRC7E","Sep 28, 2026, 2:53:20 PM EDT","Unknown","Unknown","Unknown","Unknown","1581F5FJC247600D3DBP","2","N/A","110","80","0","2","0","FIN87astrdge12k8","0","Drone ID test flight---","0","20.5","26.65975517901853","-81.81467762800405","26.655231871498977","-81.81586118050397","Aug 06, 2024 19:00:34.115516 UTC","00:0e:8e:bf:0e:69","6","2437","-62","DroneIDTest","wlan","26.655231871498977","-81.81586118050397","63.5"
23,"1581F5FJC247600D3DBP","J1zcGwYsRC7E","Sep 28, 2026, 2:53:20 PM EDT","Unknown","Unknown","Unknown","Unknown","1581F5FJC247600D3DBP","2","N/A","110","80","0","2","0","FIN87astrdge12k8","0","Drone ID test flight---","0","20.5","26.65975517901853","-81.81467762800405","26.655231871498977","-81.81586118050397","Aug 06, 2024 19:00:34.115516 UTC","00:0e:8e:bf:0e:69","6","2437","-62","DroneIDTest","wlan","26.655231871498977","-81.81586118050397","63.1"
24,"1581F5FJC247600D3DBP","J1zcGwYsRC7E","Sep 28, 2026, 2:53:20 PM EDT","Unknown","Unknown","Unknown","Unknown","1581F5FJC247600D3DBP","2","N/A","110","80","0","2","0","FIN87astrdge12k8","0","Drone ID test flight---","0","20.5","26.65975517901853","-81.81467762800405","26.655231871498977","-81.81586118050397","Aug 06, 2024 19:00:34.115516 UTC","00:0e:8e:bf:0e:69","6","2437","-62","DroneIDTest","wlan","26.655231871498977","-81.81586118050397","61.3"
25,"1581F5FJC247600D3DBP","J1zcGwYsRC7E","Sep 28, 2026, 2:53:22 PM EDT","Unknown","Unknown","Unknown","Unknown","1581F5FJC247600D3DBP","2","N/A","110","80","0","2","0","FIN87astrdge12k8","0","Drone ID test flight---","0","20.5","26.65975517901853","-81.81467762800405","26.654159694777807","-81.81709679174767","Aug 06, 2024 19:00:34.115516 UTC","00:0e:8e:bf:0e:69","6","2437","-62","DroneIDTest","wlan","26.654159694777807","-81.81709679174767","63.3"
26,"1581F5FJC247600D3DBP","J1zcGwYsRC7E","Sep 28, 2026, 2:53:22 PM EDT","Unknown","Unknown","Unknown","Unknown","1581F5FJC247600D3DBP","2","N/A","110","80","0","2","0","FIN87astrdge12k8","0","Drone ID test flight---","0","20.5","26.65975517901853","-81.81467762800405","26.654159694777807","-81.81709679174767","Aug 06, 2024 19:00:34.115516 UTC","00:0e:8e:bf:0e:69","6","2437","-62","DroneIDTest","wlan","26.654159694777807","-81.81709679174767","64"
27,"1581F5FJC247600D3DBP","J1zcGwYsRC7E","Sep 28, 2026, 2:53:22 PM EDT","Unknown","Unknown","Unknown","Unknown","1581F5FJC247600D3DBP","2","N/A","110","80","0","2","0","FIN87astrdge12k8","0","Drone ID test flight---","0","20.5","26.65975517901853","-81.81467762800405","26.654159694777807","-81.81709679174767","Aug 06, 2024 19:00:34.115516 UTC","00:0e:8e:bf:0e:69","6","2437","-62","DroneIDTest","wlan","26.654159694777807","-81.81709679174767","65.6"
28,"1581F5FJC247600D3DBP","J1zcGwYsRC7E","Sep 28, 2026, 2:53:24 PM EDT","Unknown","Unknown","Unknown","Unknown","1581F5FJC247600D3DBP","2","N/A","110","80","0","2","0","FIN87astrdge12k8","0","Drone ID test flight---","0","20.5","26.65975517901853","-81.81467762800405","26.6526247081515","-81.81727630927169","Aug 06, 2024 19:00:34.115516 UTC","00:0e:8e:bf:0e:69","6","2437","-62","DroneIDTest","wlan","26.6526247081515","-81.81727630927169","63.8"
29,"1581F5FJC247600D3DBP","J1zcGwYsRC7E","Sep 28, 2026, 2:53:24 PM EDT","Unknown","Unknown","Unknown","Unknown","1581F5FJC247600D3DBP","2","N/A","110","80","0","2","0","FIN87astrdge12k8","0","Drone ID test flight---","0","20.5","26.65975517901853","-81.81467762800405","26.6526247081515","-81.81727630927169","Aug 06, 2024 19:00:34.115516 UTC","00:0e:8e:bf:0e:69","6","2437","-62","DroneIDTest","wlan","26.6526247081515","-81.81727630927169","62"
30,"1581F5FJC247600D3DBP","J1zcGwYsRC7E","Sep 28, 2026, 2:53:24 PM EDT","Unknown","Unknown","Unknown","Unknown","1581F5FJC247600D3DBP","2","N/A","110","80","0","2","0","FIN87astrdge12k8","0","Drone ID test flight---","0","20.5","26.65975517901853","-81.81467762800405","26.6526247081515","-81.81727630927169","Aug 06, 2024 19:00:34.115516 UTC","00:0e:8e:bf:0e:69","6","2437","-62","DroneIDTest","wlan","26.6526247081515","-81.81727630927169","62.6"
31,"1581F5FJC247600D3DBP","J1zcGwYsRC7E","Sep 28, 2026, 2:53:26 PM EDT","Unknown","Unknown","Unknown","Unknown","1581F5FJC247600D3DBP","2","N/A","110","80","0","2","0","FIN87astrdge12k8","0","Drone ID test flight---","0","20.5","26.65975517901853","-81.81467762800405","26.652395067730804","-81.81768513128577","Aug 06, 2024 19:00:34.115516 UTC","00:0e:8e:bf:0e:69","6","2437","-62","DroneIDTest","wlan","26.652395067730804","-81.81768513128577","61.9"
32,"1581F5FJC247600D3DBP","J1zcGwYsRC7E","Sep 28, 2026, 2:53:26 PM EDT","Unknown","Unknown","Unknown","Unknown","1581F5FJC247600D3DBP","2","N/A","110","80","0","2","0","FIN87astrdge12k8","0","Drone ID test flight---","0","20.5","26.65975517901853","-81.81467762800405","26.652395067730804","-81.81768513128577","Aug 06, 2024 19:00:34.115516 UTC","00:0e:8e:bf:0e:69","6","2437","-62","DroneIDTest","wlan","26.652395067730804","-81.81768513128577","63.3"
33,"1581F5FJC247600D3DBP","J1zcGwYsRC7E","Sep 28, 2026, 2:53:26 PM EDT","Unknown","Unknown","Unknown","Unknown","1581F5FJC247600D3DBP","2","N/A","110","80","0","2","0","FIN87astrdge12k8","0","Drone ID test flight---","0","20.5","26.65975517901853","-81.81467762800405","26.652395067730804","-81.81768513128577","Aug 06, 2024 19:00:34.115516 UTC","00:0e:8e:bf:0e:69","6","2437","-62","DroneIDTest","wlan","26.652395067730804","-81.81768513128577","63.5"
34,"1581F5FJC247600D3DBP","J1zcGwYsRC7E","Sep 28, 2026, 2:53:28 PM EDT","Unknown","Unknown","Unknown","Unknown","1581F5FJC247600D3DBP","2","N/A","110","80","0","2","0","FIN87astrdge12k8","0","Drone ID test flight---","0","20.5","26.65975517901853","-81.81467762800405","26.652112487980567","-81.81806372876615","Aug 06, 2024 19:00:34.115516 UTC","00:0e:8e:bf:0e:69","6","2437","-62","DroneIDTest","wlan","26.652112487980567","-81.81806372876615","62.1"
35,"1581F5FJC247600D3DBP","J1zcGwYsRC7E","Sep 28, 2026, 2:53:28 PM EDT","Unknown","Unknown","Unknown","Unknown","1581F5FJC247600D3DBP","2","N/A","110","80","0","2","0","FIN87astrdge12k8","0","Drone ID test flight---","0","20.5","26.65975517901853","-81.81467762800405","26.652112487980567","-81.81806372876615","Aug 06, 2024 19:00:34.115516 UTC","00:0e:8e:bf:0e:69","6","2437","-62","DroneIDTest","wlan","26.652112487980567","-81.81806372876615","61"
36,"1581F5FJC247600D3DBP","J1zcGwYsRC7E","Sep 28, 2026, 2:53:28 PM EDT","Unknown","Unknown","Unknown","Unknown","1581F5FJC247600D3DBP","2","N/A","110","80","0","2","0","FIN87astrdge12k8","0","Drone ID test flight---","0","20.5","26.65975517901853","-81.81467762800405","26.652112487980567","-81.81806372876615","Aug 06, 2024 19:00:34.115516 UTC","00:0e:8e:bf:0e:69","6","2437","-62","DroneIDTest","wlan","26.652112487980567","-81.81806372876615","60.4"
37,"1581F5FJC247600D3DBP","J1zcGwYsRC7E","Sep 28, 2026, 2:53:30 PM EDT","Unknown","Unknown","Unknown","Unknown","1581F5FJC247600D3DBP","2","N/A","110","80","0","2","0","FIN87astrdge12k8","0","Drone ID test flight---","0","20.5","26.65975517901853","-81.81467762800405","26.65170515194938","-81.81832315618851","Aug 06, 2024 19:00:34.115516 UTC","00:0e:8e:bf:0e:69","6","2437","-62","DroneIDTest","wlan","26.65170515194938","-81.81832315618851","58.7"
38,"1581F5FJC247600D3DBP","J1zcGwYsRC7E","Sep 28, 2026, 2:53:30 PM EDT","Unknown","Unknown","Unknown","Unknown","1581F5FJC247600D3DBP","2","N/A","110","80","0","2","0","FIN87astrdge12k8","0","Drone ID test flight---","0","20.5","26.65975517901853","-81.81467762800405","26.65170515194938","-81.81832315618851","Aug 06, 2024 19:00:34.115516 UTC","00:0e:8e:bf:0e:69","6","2437","-62","DroneIDTest","wlan","26.65170515194938","-81.81832315618851","60.1"
39,"1581F5FJC247600D3DBP","J1zcGwYsRC7E","Sep 28, 2026, 2:53:30 PM EDT","Unknown","Unknown","Unknown","Unknown","1581F5FJC247600D3DBP","2","N/A","110","80","0","2","0","FIN87astrdge12k8","0","Drone ID test flight---","0","20.5","26.65975517901853","-81.81467762800405","26.65170515194938","-81.81832315618851","Aug 06, 2024 19:00:34.115516 UTC","00:0e:8e:bf:0e:69","6","2437","-62","DroneIDTest","wlan","26.65170515194938","-81.81832315618851","61.9"
40,"1581F5FJC247600D3DBP","J1zcGwYsRC7E","Sep 28, 2026, 2:53:32 PM EDT","Unknown","Unknown","Unknown","Unknown","1581F5FJC247600D3DBP","2","N/A","110","80","0","2","0","FIN87astrdge12k8","0","Drone ID test flight---","0","20.5","26.65975517901853","-81.81467762800405","26.651235852153672","-81.81832826980073","Aug 06, 2024 19:00:34.115516 UTC","00:0e:8e:bf:0e:69","6","2437","-62","DroneIDTest","wlan","26.651235852153672","-81.81832826980073","63.6"
41,"1581F5FJC247600D3DBP","J1zcGwYsRC7E","Sep 28, 2026, 2:53:32 PM EDT","Unknown","Unknown","Unknown","Unknown","1581F5FJC247600D3DBP","2","N/A","110","80","0","2","0","FIN87astrdge12k8","0","Drone ID test flight---","0","20.5","26.65975517901853","-81.81467762800405","26.651235852153672","-81.81832826980073","Aug 06, 2024 19:00:34.115516 UTC","00:0e:8e:bf:0e:69","6","2437","-62","DroneIDTest","wlan","26.651235852153672","-81.81832826980073","62.9"
42,"1581F5FJC247600D3DBP","J1zcGwYsRC7E","Sep 28, 2026, 2:53:32 PM EDT","Unknown","Unknown","Unknown","Unknown","1581F5FJC247600D3DBP","2","N/A","110","80","0","2","0","FIN87astrdge12k8","0","Drone ID test flight---","0","20.5","26.65975517901853","-81.81467762800405","26.651235852153672","-81.81832826980073","Aug 06, 2024 19:00:34.115516 UTC","00:0e:8e:bf:0e:69","6","2437","-62","DroneIDTest","wlan","26.651235852153672","-81.81832826980073","63.4"
43,"1581F5FJC247600D3DBP","J1zcGwYsRC7E","Sep 28, 2026, 2:53:34 PM EDT","Unknown","Unknown","Unknown","Unknown","1581F5FJC247600D3DBP","2","N/A","110","80","0","2","0","FIN87astrdge12k8","0","Drone ID test flight---","0","20.5","26.65975517901853","-81.81467762800405","26.65082825106381","-81.81804965318499","Aug 06, 2024 19:00:34.115516 UTC","00:0e:8e:bf:0e:69","6","2437","-62","DroneIDTest","wlan","26.65082825106381","-81.81804965318499","64.4"
44,"1581F5FJC247600D3DBP","J1zcGwYsRC7E","Sep 28, 2026, 2:53:34 PM EDT","Unknown","Unknown","Unknown","Unknown","1581F5FJC247600D3DBP","2","N/A","110","80","0","2","0","FIN87astrdge12k8","0","Drone ID test flight---","0","20.5","26.65975517901853","-81.81467762800405","26.65082825106381","-81.81804965318499","Aug 06, 2024 19:00:34.115516 UTC","00:0e:8e:bf:0e:69","6","2437","-62","DroneIDTest","wlan","26.65082825106381","-81.81804965318499","64.2"
45,"1581F5FJC247600D3DBP","J1zcGwYsRC7E","Sep 28, 2026, 2:53:34 PM EDT","Unknown","Unknown","Unknown","Unknown","1581F5FJC247600D3DBP","2","N/A","110","80","0","2","0","FIN87astrdge12k8","0","Drone ID test flight---","0","20.5","26.65975517901853","-81.81467762800405","26.65082825106381","-81.81804965318499","Aug 06, 2024 19:00:34.115516 UTC","00:0e:8e:bf:0e:69","6","2437","-62","DroneIDTest","wlan","26.65082825106381","-81.81804965318499","65.4"
46,"1581F5FJC247600D3DBP","J1zcGwYsRC7E","Sep 28, 2026, 2:53:36 PM EDT","Unknown","Unknown","Unknown","Unknown","1581F5FJC247600D3DBP","2","N/A","110","80","0","2","0","FIN87astrdge12k8","0","Drone ID test flight---","0","20.5","26.65975517901853","-81.81467762800405","26.65058142456631","-81.81757035398374","Aug 06, 2024 19:00:34.115516 UTC","00:0e:8e:bf:0e:69","6","2437","-62","DroneIDTest","wlan","26.65058142456631","-81.81757035398374","64.4"
47,"1581F5FJC247600D3DBP","J1zcGwYsRC7E","Sep 28, 2026, 2:53:36 PM EDT","Unknown","Unknown","Unknown","Unknown","1581F5FJC247600D3DBP","2","N/A","110","80","0","2","0","FIN87astrdge12k8","0","Drone ID test flight---","0","20.5","26.65975517901853","-81.81467762800405","26.65058142456631","-81.81757035398374","Aug 06, 2024 19:00:34.115516 UTC","00:0e:8e:bf:0e:69","6","2437","-62","DroneIDTest","wlan","26.65058142456631","-81.81757035398374","65.8"
48,"1581F5FJC247600D3DBP","J1zcGwYsRC7E","Sep 28, 2026, 2:53:36 PM EDT","Unknown","Unknown","Unknown","Unknown","1581F5FJC247600D3DBP","2","N/A","110","80","0","2","0","FIN87astrdge12k8","0","Drone ID test flight---","0","20.5","26.65975517901853","-81.81467762800405","26.65058142456631","-81.81757035398374","Aug 06, 2024 19:00:34.115516 UTC","00:0e:8e:bf:0e:69","6","2437","-62","DroneIDTest","wlan","26.65058142456631","-81.81757035398374","66.3"
49,"1581F5FJC247600D3DBP","J1zcGwYsRC7E","Sep 28, 2026, 2:53:38 PM EDT","Unknown","Unknown","Unknown","Unknown","1581F5FJC247600D3DBP","2","N/A","110","80","0","2","0","FIN87astrdge12k8","0","Drone ID test flight---","0","20.5","26.65975517901853","-81.81467762800405","26.650511442290924","-81.81714553296186","Aug 06, 2024 19:00:34.115516 UTC","00:0e:8e:bf:0e:69","6","2437","-62","DroneIDTest","wlan","26.650511442290924","-81.81714553296186","68.3"
50,"1581F5FJC247600D3DBP","J1zcGwYsRC7E","Sep 28, 2026, 2:53:38 PM EDT","Unknown","Unknown","Unknown","Unknown","1581F5FJC247600D3DBP","2","N/A","110","80","0","2","0","FIN87astrdge12k8","0","Drone ID test flight---","0","20.5","26.65975517901853","-81.81467762800405","26.650511442290924","-81.81714553296186","Aug 06, 2024 19:00:34.115516 UTC","00:0e:8e:bf:0e:69","6","2437","-62","DroneIDTest","wlan","26.650511442290924","-81.81714553296186","67.7"
51,"1581F5FJC247600D3DBP","J1zcGwYsRC7E","Sep 28, 2026, 2:53:38 PM EDT","Unknown","Unknown","Unknown","Unknown","1581F5FJC247600D3DBP","2","N/A","110","80","0","2","0","FIN87astrdge12k8","0","Drone ID test flight---","0","20.5","26.65975517901853","-81.81467762800405","26.650511442290924","-81.81714553296186","Aug 06, 2024 19:00:34.115516 UTC","00:0e:8e:bf:0e:69","6","2437","-62","DroneIDTest","wlan","26.650511442290924","-81.81714553296186","67.3"
52,"1581F5FJC247600D3DBP","J1zcGwYsRC7E","Sep 28, 2026, 2:53:39 PM EDT","Unknown","Unknown","Unknown","Unknown","1581F5FJC247600D3DBP","2","N/A","110","80","0","2","0","FIN87astrdge12k8","0","Drone ID test flight---","0","20.5","26.65975517901853","-81.81467762800405","26.650475344255838","-81.8165744244607","Aug 06, 2024 19:00:34.115516 UTC","00:0e:8e:bf:0e:69","6","2437","-62","DroneIDTest","wlan","26.650475344255838","-81.8165744244607","69.3"
53,"1581F5FJC247600D3DBP","J1zcGwYsRC7E","Sep 28, 2026, 2:53:40 PM EDT","Unknown","Unknown","Unknown","Unknown","1581F5FJC247600D3DBP","2","N/A","110","80","0","2","0","FIN87astrdge12k8","0","Drone ID test flight---","0","20.5","26.65975517901853","-81.81467762800405","26.650475344255838","-81.8165744244607","Aug 06, 2024 19:00:34.115516 UTC","00:0e:8e:bf:0e:69","6","2437","-62","DroneIDTest","wlan","26.650475344255838","-81.8165744244607","71.2"
54,"1581F5FJC247600D3DBP","J1zcGwYsRC7E","Sep 28, 2026, 2:53:40 PM EDT","Unknown","Unknown","Unknown","Unknown","1581F5FJC247600D3DBP","2","N/A","110","80","0","2","0","FIN87astrdge12k8","0","Drone ID test flight---","0","20.5","26.65975517901853","-81.81467762800405","26.650475344255838","-81.8165744244607","Aug 06, 2024 19:00:34.115516 UTC","00:0e:8e:bf:0e:69","6","2437","-62","DroneIDTest","wlan","26.650475344255838","-81.8165744244607","72.6"
55,"1581F5FJC247600D3DBP","J1zcGwYsRC7E","Sep 28, 2026, 2:53:41 PM EDT","Unknown","Unknown","Unknown","Unknown","1581F5FJC247600D3DBP","2","N/A","110","80","0","2","0","FIN87astrdge12k8","0","Drone ID test flight---","0","20.5","26.65975517901853","-81.81467762800405","26.65038722448161","-81.81611264529977","Aug 06, 2024 19:00:34.115516 UTC","00:0e:8e:bf:0e:69","6","2437","-62","DroneIDTest","wlan","26.65038722448161","-81.81611264529977","72.2"
56,"1581F5FJC247600D3DBP","J1zcGwYsRC7E","Sep 28, 2026, 2:53:42 PM EDT","Unknown","Unknown","Unknown","Unknown","1581F5FJC247600D3DBP","2","N/A","110","80","0","2","0","FIN87astrdge12k8","0","Drone ID test flight---","0","20.5","26.65975517901853","-81.81467762800405","26.65038722448161","-81.81611264529977","Aug 06, 2024 19:00:34.115516 UTC","00:0e:8e:bf:0e:69","6","2437","-62","DroneIDTest","wlan","26.65038722448161","-81.81611264529977","72"
57,"1581F5FJC247600D3DBP","J1zcGwYsRC7E","Sep 28, 2026, 2:53:42 PM EDT","Unknown","Unknown","Unknown","Unknown","1581F5FJC247600D3DBP","2","N/A","110","80","0","2","0","FIN87astrdge12k8","0","Drone ID test flight---","0","20.5","26.65975517901853","-81.81467762800405","26.65038722448161","-81.81611264529977","Aug 06, 2024 19:00:34.115516 UTC","00:0e:8e:bf:0e:69","6","2437","-62","DroneIDTest","wlan","26.65038722448161","-81.81611264529977","72.1"
58,"1581F5FJC247600D3DBP","J1zcGwYsRC7E","Sep 28, 2026, 2:53:43 PM EDT","Unknown","Unknown","Unknown","Unknown","1581F5FJC247600D3DBP","2","N/A","110","80","0","2","0","FIN87astrdge12k8","0","Drone ID test flight---","0","20.5","26.65975517901853","-81.81467762800405","26.650138550714964","-81.81568158053419","Aug 06, 2024 19:00:34.115516 UTC","00:0e:8e:bf:0e:69","6","2437","-62","DroneIDTest","wlan","26.650138550714964","-81.81568158053419","70.6"
59,"1581F5FJC247600D3DBP","J1zcGwYsRC7E","Sep 28, 2026, 2:53:43 PM EDT","Unknown","Unknown","Unknown","Unknown","1581F5FJC247600D3DBP","2","N/A","110","80","0","2","0","FIN87astrdge12k8","0","Drone ID test flight---","0","20.5","26.65975517901853","-81.81467762800405","26.650138550714964","-81.81568158053419","Aug 06, 2024 19:00:34.115516 UTC","00:0e:8e:bf:0e:69","6","2437","-62","DroneIDTest","wlan","26.650138550714964","-81.81568158053419","71.7"
60,"1581F5FJC247600D3DBP","J1zcGwYsRC7E","Sep 28, 2026, 2:53:44 PM EDT","Unknown","Unknown","Unknown","Unknown","1581F5FJC247600D3DBP","2","N/A","110","80","0","2","0","FIN87astrdge12k8","0","Drone ID test flight---","0","20.5","26.65975517901853","-81.81467762800405","26.650138550714964","-81.81568158053419","Aug 06, 2024 19:00:34.115516 UTC","00:0e:8e:bf:0e:69","6","2437","-62","DroneIDTest","wlan","26.650138550714964","-81.81568158053419","72.6"
61,"1581F5FJC247600D3DBP","J1zcGwYsRC7E","Sep 28, 2026, 2:53:45 PM EDT","Unknown","Unknown","Unknown","Unknown","1581F5FJC247600D3DBP","2","N/A","110","80","0","2","0","FIN87astrdge12k8","0","Drone ID test flight---","0","20.5","26.65975517901853","-81.81467762800405","26.649692153506287","-81.81541779671086","Aug 06, 2024 19:00:34.115516 UTC","00:0e:8e:bf:0e:69","6","2437","-62","DroneIDTest","wlan","26.649692153506287","-81.81541779671086","71.4"
62,"1581F5FJC247600D3DBP","J1zcGwYsRC7E","Sep 28, 2026, 2:53:45 PM EDT","Unknown","Unknown","Unknown","Unknown","1581F5FJC247600D3DBP","2","N/A","110","80","0","2","0","FIN87astrdge12k8","0","Drone ID test flight---","0","20.5","26.65975517901853","-81.81467762800405","26.649692153506287","-81.81541779671086","Aug 06, 2024 19:00:34.115516 UTC","00:0e:8e:bf:0e:69","6","2437","-62","DroneIDTest","wlan","26.649692153506287","-81.81541779671086","71.2"
63,"1581F5FJC247600D3DBP","J1zcGwYsRC7E","Sep 28, 2026, 2:53:45 PM EDT","Unknown","Unknown","Unknown","Unknown","1581F5FJC247600D3DBP","2","N/A","110","80","0","2","0","FIN87astrdge12k8","0","Drone ID test flight---","0","20.5","26.65975517901853","-81.81467762800405","26.649692153506287","-81.81541779671086","Aug 06, 2024 19:00:34.115516 UTC","00:0e:8e:bf:0e:69","6","2437","-62","DroneIDTest","wlan","26.649692153506287","-81.81541779671086","70.2"
64,"1581F5FJC247600D3DBP","J1zcGwYsRC7E","Sep 28, 2026, 2:53:47 PM EDT","Unknown","Unknown","Unknown","Unknown","1581F5FJC247600D3DBP","2","N/A","110","80","0","2","0","FIN87astrdge12k8","0","Drone ID test flight---","0","20.5","26.65975517901853","-81.81467762800405","26.64925106439716","-81.81545337431625","Aug 06, 2024 19:00:34.115516 UTC","00:0e:8e:bf:0e:69","6","2437","-62","DroneIDTest","wlan","26.64925106439716","-81.81545337431625","71.5"
65,"1581F5FJC247600D3DBP","J1zcGwYsRC7E","Sep 28, 2026, 2:53:47 PM EDT","Unknown","Unknown","Unknown","Unknown","1581F5FJC247600D3DBP","2","N/A","110","80","0","2","0","FIN87astrdge12k8","0","Drone ID test flight---","0","20.5","26.65975517901853","-81.81467762800405","26.64925106439716","-81.81545337431625","Aug 06, 2024 19:00:34.115516 UTC","00:0e:8e:bf:0e:69","6","2437","-62","DroneIDTest","wlan","26.64925106439716","-81.81545337431625","72.3"
66,"1581F5FJC247600D3DBP","J1zcGwYsRC7E","Sep 28, 2026, 2:53:47 PM EDT","Unknown","Unknown","Unknown","Unknown","1581F5FJC247600D3DBP","2","N/A","110","80","0","2","0","FIN87astrdge12k8","0","Drone ID test flight---","0","20.5","26.65975517901853","-81.81467762800405","26.64925106439716","-81.81545337431625","Aug 06, 2024 19:00:34.115516 UTC","00:0e:8e:bf:0e:69","6","2437","-62","DroneIDTest","wlan","26.64925106439716","-81.81545337431625","71.3"
67,"1581F5FJC247600D3DBP","J1zcGwYsRC7E","Sep 28, 2026, 2:53:49 PM EDT","Unknown","Unknown","Unknown","Unknown","1581F5FJC247600D3DBP","2","N/A","110","80","0","2","0","FIN87astrdge12k8","0","Drone ID test flight---","0","20.5","26.65975517901853","-81.81467762800405","26.648893882102534","-81.81570802930057","Aug 06, 2024 19:00:34.115516 UTC","00:0e:8e:bf:0e:69","6","2437","-62","DroneIDTest","wlan","26.648893882102534","-81.81570802930057","70.9"
68,"1581F5FJC247600D3DBP","J1zcGwYsRC7E","Sep 28, 2026, 2:53:49 PM EDT","Unknown","Unknown","Unknown","Unknown","1581F5FJC247600D3DBP","2","N/A","110","80","0","2","0","FIN87astrdge12k8","0","Drone ID test flight---","0","20.5","26.65975517901853","-81.81467762800405","26.648893882102534","-81.81570802930057","Aug 06, 2024 19:00:34.115516 UTC","00:0e:8e:bf:0e:69","6","2437","-62","DroneIDTest","wlan","26.648893882102534","-81.81570802930057","69.9"
69,"1581F5FJC247600D3DBP","J1zcGwYsRC7E","Sep 28, 2026, 2:53:49 PM EDT","Unknown","Unknown","Unknown","Unknown","1581F5FJC247600D3DBP","2","N/A","110","80","0","2","0","FIN87astrdge12k8","0","Drone ID test flight---","0","20.5","26.65975517901853","-81.81467762800405","26.648893882102534","-81.81570802930057","Aug 06, 2024 19:00:34.115516 UTC","00:0e:8e:bf:0e:69","6","2437","-62","DroneIDTest","wlan","26.648893882102534","-81.81570802930057","70.7"
70,"1581F5FJC247600D3DBP","J1zcGwYsRC7E","Sep 28, 2026, 2:53:51 PM EDT","Unknown","Unknown","Unknown","Unknown","1581F5FJC247600D3DBP","2","N/A","110","80","0","2","0","FIN87astrdge12k8","0","Drone ID test flight---","0","20.5","26.65975517901853","-81.81467762800405","26.648654192699027","-81.81604770843936","Aug 06, 2024 19:00:34.115516 UTC","00:0e:8e:bf:0e:69","6","2437","-62","DroneIDTest","wlan","26.648654192699027","-81.81604770843936","71.7"
71,"1581F5FJC247600D3DBP","J1zcGwYsRC7E","Sep 28, 2026, 2:53:51 PM EDT","Unknown","Unknown","Unknown","Unknown","1581F5FJC247600D3DBP","2","N/A","110","80","0","2","0","FIN87astrdge12k8","0","Drone ID test flight---","0","20.5","26.65975517901853","-81.81467762800405","26.648654192699027","-81.81604770843936","Aug 06, 2024 19:00:34.115516 UTC","00:0e:8e:bf:0e:69","6","2437","-62","DroneIDTest","wlan","26.648654192699027","-81.81604770843936","72.6"
72,"1581F5FJC247600D3DBP","J1zcGwYsRC7E","Sep 28, 2026, 2:53:51 PM EDT","Unknown","Unknown","Unknown","Unknown","1581F5FJC247600D3DBP","2","N/A","110","80","0","2","0","FIN87astrdge12k8","0","Drone ID test flight---","0","20.5","26.65975517901853","-81.81467762800405","26.648654192699027","-81.81604770843936","Aug 06, 2024 19:00:34.115516 UTC","00:0e:8e:bf:0e:69","6","2437","-62","DroneIDTest","wlan","26.648654192699027","-81.81604770843936","71.5"
73,"1581F5FJC247600D3DBP","J1zcGwYsRC7E","Sep 28, 2026, 2:53:53 PM EDT","Unknown","Unknown","Unknown","Unknown","1581F5FJC247600D3DBP","2","N/A","110","80","0","2","0","FIN87astrdge12k8","0","Drone ID test flight---","0","20.5","26.65975517901853","-81.81467762800405","26.64824809523087","-81.81595164817001","Aug 06, 2024 19:00:34.115516 UTC","00:0e:8e:bf:0e:69","6","2437","-62","DroneIDTest","wlan","26.64824809523087","-81.81595164817001","70.2"
74,"1581F5FJC247600D3DBP","J1zcGwYsRC7E","Sep 28, 2026, 2:53:53 PM EDT","Unknown","Unknown","Unknown","Unknown","1581F5FJC247600D3DBP","2","N/A","110","80","0","2","0","FIN87astrdge12k8","0","Drone ID test flight---","0","20.5","26.65975517901853","-81.81467762800405","26.64824809523087","-81.81595164817001","Aug 06, 2024 19:00:34.115516 UTC","00:0e:8e:bf:0e:69","6","2437","-62","DroneIDTest","wlan","26.64824809523087","-81.81595164817001","69.2"
75,"1581F5FJC247600D3DBP","J1zcGwYsRC7E","Sep 28, 2026, 2:53:53 PM EDT","Unknown","Unknown","Unknown","Unknown","1581F5FJC247600D3DBP","2","N/A","110","80","0","2","0","FIN87astrdge12k8","0","Drone ID test flight---","0","20.5","26.65975517901853","-81.81467762800405","26.64824809523087","-81.81595164817001","Aug 06, 2024 19:00:34.115516 UTC","00:0e:8e:bf:0e:69","6","2437","-62","DroneIDTest","wlan","26.64824809523087","-81.81595164817001","69.5"
76,"1581F5FJC247600D3DBP","J1zcGwYsRC7E","Sep 28, 2026, 2:53:55 PM EDT","Unknown","Unknown","Unknown","Unknown","1581F5FJC247600D3DBP","2","N/A","110","80","0","2","0","FIN87astrdge12k8","0","Drone ID test flight---","0","20.5","26.65975517901853","-81.81467762800405","26.647767408097867","-81.81577783782143","Aug 06, 2024 19:00:34.115516 UTC","00:0e:8e:bf:0e:69","6","2437","-62","DroneIDTest","wlan","26.647767408097867","-81.81577783782143","68"
77,"1581F5FJC247600D3DBP","J1zcGwYsRC7E","Sep 28, 2026, 2:53:55 PM EDT","Unknown","Unknown","Unknown","Unknown","1581F5FJC247600D3DBP","2","N/A","110","80","0","2","0","FIN87astrdge12k8","0","Drone ID test flight---","0","20.5","26.65975517901853","-81.81467762800405","26.647767408097867","-81.81577783782143","Aug 06, 2024 19:00:34.115516 UTC","00:0e:8e:bf:0e:69","6","2437","-62","DroneIDTest","wlan","26.647767408097867","-81.81577783782143","67.5"
78,"1581F5FJC247600D3DBP","J1zcGwYsRC7E","Sep 28, 2026, 2:53:55 PM EDT","Unknown","Unknown","Unknown","Unknown","1581F5FJC247600D3DBP","2","N/A","110","80","0","2","0","FIN87astrdge12k8","0","Drone ID test flight---","0","20.5","26.65975517901853","-81.81467762800405","26.647767408097867","-81.81577783782143","Aug 06, 2024 19:00:34.115516 UTC","00:0e:8e:bf:0e:69","6","2437","-62","DroneIDTest","wlan","26.647767408097867","-81.81577783782143","67.4"
79,"1581F5FJC247600D3DBP","J1zcGwYsRC7E","Sep 28, 2026, 2:53:57 PM EDT","Unknown","Unknown","Unknown","Unknown","1581F5FJC247600D3DBP","2","N/A","110","80","0","2","0","FIN87astrdge12k8","0","Drone ID test flight---","0","20.5","26.65975517901853","-81.81467762800405","26.647324942042356","-81.8156366452601","Aug 06, 2024 19:00:34.115516 UTC","00:0e:8e:bf:0e:69","6","2437","-62","DroneIDTest","wlan","26.647324942042356","-81.8156366452601","65.8"
80,"1581F5FJC247600D3DBP","J1zcGwYsRC7E","Sep 28, 2026, 2:53:57 PM EDT","Unknown","Unknown","Unknown","Unknown","1581F5FJC247600D3DBP","2","N/A","110","80","0","2","0","FIN87astrdge12k8","0","Drone ID test flight---","0","20.5","26.65975517901853","-81.81467762800405","26.647324942042356","-81.8156366452601","Aug 06, 2024 19:00:34.115516 UTC","00:0e:8e:bf:0e:69","6","2437","-62","DroneIDTest","wlan","26.647324942042356","-81.8156366452601","66.1"
81,"1581F5FJC247600D3DBP","J1zcGwYsRC7E","Sep 28, 2026, 2:53:57 PM EDT","Unknown","Unknown","Unknown","Unknown","1581F5FJC247600D3DBP","2","N/A","110","80","0","2","0","FIN87astrdge12k8","0","Drone ID test flight---","0","20.5","26.65975517901853","-81.81467762800405","26.647324942042356","-81.8156366452601","Aug 06, 2024 19:00:34.115516 UTC","00:0e:8e:bf:0e:69","6","2437","-62","DroneIDTest","wlan","26.647324942042356","-81.8156366452601","67.7"
82,"1581F5FJC247600D3DBP","J1zcGwYsRC7E","Sep 28, 2026, 2:53:59 PM EDT","Unknown","Unknown","Unknown","Unknown","1581F5FJC247600D3DBP","2","N/A","110","80","0","2","0","FIN87astrdge12k8","0","Drone ID test flight---","0","20.5","26.65975517901853","-81.81467762800405","26.64694274436895","-81.81556164879302","Aug 06, 2024 19:00:34.115516 UTC","00:0e:8e:bf:0e:69","6","2437","-62","DroneIDTest","wlan","26.64694274436895","-81.81556164879302","66.1"
83,"1581F5FJC247600D3DBP","J1zcGwYsRC7E","Sep 28, 2026, 2:53:59 PM EDT","Unknown","Unknown","Unknown","Unknown","1581F5FJC247600D3DBP","2","N/A","110","80","0","2","0","FIN87astrdge12k8","0","Drone ID test flight---","0","20.5","26.65975517901853","-81.81467762800405","26.64694274436895","-81.81556164879302","Aug 06, 2024 19:00:34.115516 UTC","00:0e:8e:bf:0e:69","6","2437","-62","DroneIDTest","wlan","26.64694274436895","-81.81556164879302","66.3"
84,"1581F5FJC247600D3DBP","J1zcGwYsRC7E","Sep 28, 2026, 2:53:59 PM EDT","Unknown","Unknown","Unknown","Unknown","1581F5FJC247600D3DBP","2","N/A","110","80","0","2","0","FIN87astrdge12k8","0","Drone ID test flight---","0","20.5","26.65975517901853","-81.81467762800405","26.64694274436895","-81.81556164879302","Aug 06, 2024 19:00:34.115516 UTC","00:0e:8e:bf:0e:69","6","2437","-62","DroneIDTest","wlan","26.64694274436895","-81.81556164879302","67.5"
85,"1581F5FJC247600D3DBP","J1zcGwYsRC7E","Sep 28, 2026, 2:54:01 PM EDT","Unknown","Unknown","Unknown","Unknown","1581F5FJC247600D3DBP","2","N/A","110","80","0","2","0","FIN87astrdge12k8","0","Drone ID test flight---","0","20.5","26.65975517901853","-81.81467762800405","26.646556477871197","-81.81542198123618","Aug 06, 2024 19:00:34.115516 UTC","00:0e:8e:bf:0e:69","6","2437","-62","DroneIDTest","wlan","26.646556477871197","-81.81542198123618","67.5"
86,"1581F5FJC247600D3DBP","J1zcGwYsRC7E","Sep 28, 2026, 2:54:01 PM EDT","Unknown","Unknown","Unknown","Unknown","1581F5FJC247600D3DBP","2","N/A","110","80","0","2","0","FIN87astrdge12k8","0","Drone ID test flight---","0","20.5","26.65975517901853","-81.81467762800405","26.646556477871197","-81.81542198123618","Aug 06, 2024 19:00:34.115516 UTC","00:0e:8e:bf:0e:69","6","2437","-62","DroneIDTest","wlan","26.646556477871197","-81.81542198123618","67.3"
87,"1581F5FJC247600D3DBP","J1zcGwYsRC7E","Sep 28, 2026, 2:54:01 PM EDT","Unknown","Unknown","Unknown","Unknown","1581F5FJC247600D3DBP","2","N/A","110","80","0","2","0","FIN87astrdge12k8","0","Drone ID test flight---","0","20.5","26.65975517901853","-81.81467762800405","26.646556477871197","-81.81542198123618","Aug 06, 2024 19:00:34.115516 UTC","00:0e:8e:bf:0e:69","6","2437","-62","DroneIDTest","wlan","26.646556477871197","-81.81542198123618","68.8"
88,"1581F5FJC247600D3DBP","J1zcGwYsRC7E","Sep 28, 2026, 2:54:03 PM EDT","Unknown","Unknown","Unknown","Unknown","1581F5FJC247600D3DBP","2","N/A","110","80","0","2","0","FIN87astrdge12k8","0","Drone ID test flight---","0","20.5","26.65975517901853","-81.81467762800405","26.64613801857302","-81.81529720366056","Aug 06, 2024 19:00:34.115516 UTC","00:0e:8e:bf:0e:69","6","2437","-62","DroneIDTest","wlan","26.64613801857302","-81.81529720366056","67.7"
89,"1581F5FJC247600D3DBP","J1zcGwYsRC7E","Sep 28, 2026, 2:54:03 PM EDT","Unknown","Unknown","Unknown","Unknown","1581F5FJC247600D3DBP","2","N/A","110","80","0","2","0","FIN87astrdge12k8","0","Drone ID test flight---","0","20.5","26.65975517901853","-81.81467762800405","26.64613801857302","-81.81529720366056","Aug 06, 2024 19:00:34.115516 UTC","00:0e:8e:bf:0e:69","6","2437","-62","DroneIDTest","wlan","26.64613801857302","-81.81529720366056","67.8"
90,"1581F5FJC247600D3DBP","J1zcGwYsRC7E","Sep 28, 2026, 2:54:03 PM EDT","Unknown","Unknown","Unknown","Unknown","1581F5FJC247600D3DBP","2","N/A","110","80","0","2","0","FIN87astrdge12k8","0","Drone ID test flight---","0","20.5","26.65975517901853","-81.81467762800405","26.64613801857302","-81.81529720366056","Aug 06, 2024 19:00:34.115516 UTC","00:0e:8e:bf:0e:69","6","2437","-62","DroneIDTest","wlan","26.64613801857302","-81.81529720366056","66.4"
91,"1581F5FJC247600D3DBP","J1zcGwYsRC7E","Sep 28, 2026, 2:54:05 PM EDT","Unknown","Unknown","Unknown","Unknown","1581F5FJC247600D3DBP","2","N/A","110","80","0","2","0","FIN87astrdge12k8","0","Drone ID test flight---","0","20.5","26.65975517901853","-81.81467762800405","26.64984190723832","-81.811926744458","Aug 06, 2024 19:00:34.115516 UTC","00:0e:8e:bf:0e:69","6","2437","-62","DroneIDTest","wlan","26.64984190723832","-81.811926744458","65.9"
92,"1581F5FJC247600D3DBP","J1zcGwYsRC7E","Sep 28, 2026, 2:54:05 PM EDT","Unknown","Unknown","Unknown","Unknown","1581F5FJC247600D3DBP","2","N/A","110","80","0","2","0","FIN87astrdge12k8","0","Drone ID test flight---","0","20.5","26.65975517901853","-81.81467762800405","26.64984190723832","-81.811926744458","Aug 06, 2024 19:00:34.115516 UTC","00:0e:8e:bf:0e:69","6","2437","-62","DroneIDTest","wlan","26.64984190723832","-81.811926744458","67.4"
93,"1581F5FJC247600D3DBP","J1zcGwYsRC7E","Sep 28, 2026, 2:54:05 PM EDT","Unknown","Unknown","Unknown","Unknown","1581F5FJC247600D3DBP","2","N/A","110","80","0","2","0","FIN87astrdge12k8","0","Drone ID test flight---","0","20.5","26.65975517901853","-81.81467762800405","26.64984190723832","-81.811926744458","Aug 06, 2024 19:00:34.115516 UTC","00:0e:8e:bf:0e:69","6","2437","-62","DroneIDTest","wlan","26.64984190723832","-81.811926744458","66.3"
94,"1581F5FJC247600D3DBP","J1zcGwYsRC7E","Sep 28, 2026, 2:54:07 PM EDT","Unknown","Unknown","Unknown","Unknown","1581F5FJC247600D3DBP","2","N/A","110","80","0","2","0","FIN87astrdge12k8","0","Drone ID test flight---","0","20.5","26.65975517901853","-81.81467762800405","26.65025076965433","-81.81200697554883","Aug 06, 2024 19:00:34.115516 UTC","00:0e:8e:bf:0e:69","6","2437","-62","DroneIDTest","wlan","26.65025076965433","-81.81200697554883","64.5"
95,"1581F5FJC247600D3DBP","J1zcGwYsRC7E","Sep 28, 2026, 2:54:07 PM EDT","Unknown","Unknown","Unknown","Unknown","1581F5FJC247600D3DBP","2","N/A","110","80","0","2","0","FIN87astrdge12k8","0","Drone ID test flight---","0","20.5","26.65975517901853","-81.81467762800405","26.65025076965433","-81.81200697554883","Aug 06, 2024 19:00:34.115516 UTC","00:0e:8e:bf:0e:69","6","2437","-62","DroneIDTest","wlan","26.65025076965433","-81.81200697554883","66.1"
96,"1581F5FJC247600D3DBP","J1zcGwYsRC7E","Sep 28, 2026, 2:54:07 PM EDT","Unknown","Unknown","Unknown","Unknown","1581F5FJC247600D3DBP","2","N/A","110","80","0","2","0","FIN87astrdge12k8","0","Drone ID test flight---","0","20.5","26.65975517901853","-81.81467762800405","26.65025076965433","-81.81200697554883","Aug 06, 2024 19:00:34.115516 UTC","00:0e:8e:bf:0e:69","6","2437","-62","DroneIDTest","wlan","26.65025076965433","-81.81200697554883","67.6"
97,"1581F5FJC247600D3DBP","J1zcGwYsRC7E","Sep 28, 2026, 2:54:09 PM EDT","Unknown","Unknown","Unknown","Unknown","1581F5FJC247600D3DBP","2","N/A","110","80","0","2","0","FIN87astrdge12k8","0","Drone ID test flight---","0","20.5","26.65975517901853","-81.81467762800405","26.65074514895079","-81.81212392102944","Aug 06, 2024 19:00:34.115516 UTC","00:0e:8e:bf:0e:69","6","2437","-62","DroneIDTest","wlan","26.65074514895079","-81.81212392102944","68.4"
98,"1581F5FJC247600D3DBP","J1zcGwYsRC7E","Sep 28, 2026, 2:54:09 PM EDT","Unknown","Unknown","Unknown","Unknown","1581F5FJC247600D3DBP","2","N/A","110","80","0","2","0","FIN87astrdge12k8","0","Drone ID test flight---","0","20.5","26.65975517901853","-81.81467762800405","26.65074514895079","-81.81212392102944","Aug 06, 2024 19:00:34.115516 UTC","00:0e:8e:bf:0e:69","6","2437","-62","DroneIDTest","wlan","26.65074514895079","-81.81212392102944","66.4"
99,"1581F5FJC247600D3DBP","J1zcGwYsRC7E","Sep 28, 2026, 2:54:09 PM EDT","Unknown","Unknown","Unknown","Unknown","1581F5FJC247600D3DBP","2","N/A","110","80","0","2","0","FIN87astrdge12k8","0","Drone ID test flight---","0","20.5","26.65975517901853","-81.81467762800405","26.65074514895079","-81.81212392102944","Aug 06, 2024 19:00:34.115516 UTC","00:0e:8e:bf:0e:69","6","2437","-62","DroneIDTest","wlan","26.65074514895079","-81.81212392102944","66.5"
100,"1581F5FJC247600D3DBP","J1zcGwYsRC7E","Sep 28, 2026, 2:54:11 PM EDT","Unknown","Unknown","Unknown","Unknown","1581F5FJC247600D3DBP","2","N/A","110","80","0","2","0","FIN87astrdge12k8","0","Drone ID test flight---","0","20.5","26.65975517901853","-81.81467762800405","26.65112916587303","-81.81227107513735","Aug 06, 2024 19:00:34.115516 UTC","00:0e:8e:bf:0e:69","6","2437","-62","DroneIDTest","wlan","26.65112916587303","-81.81227107513735","66.3"
101,"1581F5FJC247600D3DBP","J1zcGwYsRC7E","Sep 28, 2026, 2:54:11 PM EDT","Unknown","Unknown","Unknown","Unknown","1581F5FJC247600D3DBP","2","N/A","110","80","0","2","0","FIN87astrdge12k8","0","Drone ID test flight---","0","20.5","26.65975517901853","-81.81467762800405","26.65112916587303","-81.81227107513735","Aug 06, 2024 19:00:34.115516 UTC","00:0e:8e:bf:0e:69","6","2437","-62","DroneIDTest","wlan","26.65112916587303","-81.81227107513735","66.5"
102,"1581F5FJC247600D3DBP","J1zcGwYsRC7E","Sep 28, 2026, 2:54:11 PM EDT","Unknown","Unknown","Unknown","Unknown","1581F5FJC247600D3DBP","2","N/A","110","80","0","2","0","FIN87astrdge12k8","0","Drone ID test flight---","0","20.5","26.65975517901853","-81.81467762800405","26.65112916587303","-81.81227107513735","Aug 06, 2024 19:00:34.115516 UTC","00:0e:8e:bf:0e:69","6","2437","-62","DroneIDTest","wlan","26.65112916587303","-81.81227107513735","66.1"
103,"1581F5FJC247600D3DBP","J1zcGwYsRC7E","Sep 28, 2026, 2:54:13 PM EDT","Unknown","Unknown","Unknown","Unknown","1581F5FJC247600D3DBP","2","N/A","110","80","0","2","0","FIN87astrdge12k8","0","Drone ID test flight---","0","20.5","26.65975517901853","-81.81467762800405","26.65151275319837","-81.81238545993737","Aug 06, 2024 19:00:34.115516 UTC","00:0e:8e:bf:0e:69","6","2437","-62","DroneIDTest","wlan","26.65151275319837","-81.81238545993737","66.1"
104,"1581F5FJC247600D3DBP","J1zcGwYsRC7E","Sep 28, 2026, 2:54:13 PM EDT","Unknown","Unknown","Unknown","Unknown","1581F5FJC247600D3DBP","2","N/A","110","80","0","2","0","FIN87astrdge12k8","0","Drone ID test flight---","0","20.5","26.65975517901853","-81.81467762800405","26.65151275319837","-81.81238545993737","Aug 06, 2024 19:00:34.115516 UTC","00:0e:8e:bf:0e:69","6","2437","-62","DroneIDTest","wlan","26.65151275319837","-81.81238545993737","64.8"
105,"1581F5FJC247600D3DBP","J1zcGwYsRC7E","Sep 28, 2026, 2:54:13 PM EDT","Unknown","Unknown","Unknown","Unknown","1581F5FJC247600D3DBP","2","N/A","110","80","0","2","0","FIN87astrdge12k8","0","Drone ID test flight---","0","20.5","26.65975517901853","-81.81467762800405","26.65151275319837","-81.81238545993737","Aug 06, 2024 19:00:34.115516 UTC","00:0e:8e:bf:0e:69","6","2437","-62","DroneIDTest","wlan","26.65151275319837","-81.81238545993737","62.9"
106,"1581F5FJC247600D3DBP","J1zcGwYsRC7E","Sep 28, 2026, 2:54:15 PM EDT","Unknown","Unknown","Unknown","Unknown","1581F5FJC247600D3DBP","2","N/A","110","80","0","2","0","FIN87astrdge12k8","0","Drone ID test flight---","0","20.5","26.65975517901853","-81.81467762800405","26.651896068527233","-81.81245302493372","Aug 06, 2024 19:00:34.115516 UTC","00:0e:8e:bf:0e:69","6","2437","-62","DroneIDTest","wlan","26.651896068527233","-81.81245302493372","61"
107,"1581F5FJC247600D3DBP","J1zcGwYsRC7E","Sep 28, 2026, 2:54:15 PM EDT","Unknown","Unknown","Unknown","Unknown","1581F5FJC247600D3DBP","2","N/A","110","80","0","2","0","FIN87astrdge12k8","0","Drone ID test flight---","0","20.5","26.65975517901853","-81.81467762800405","26.651896068527233","-81.81245302493372","Aug 06, 2024 19:00:34.115516 UTC","00:0e:8e:bf:0e:69","6","2437","-62","DroneIDTest","wlan","26.651896068527233","-81.81245302493372","61.9"
108,"1581F5FJC247600D3DBP","J1zcGwYsRC7E","Sep 28, 2026, 2:54:15 PM EDT","Unknown","Unknown","Unknown","Unknown","1581F5FJC247600D3DBP","2","N/A","110","80","0","2","0","FIN87astrdge12k8","0","Drone ID test flight---","0","20.5","26.65975517901853","-81.81467762800405","26.651896068527233","-81.81245302493372","Aug 06, 2024 19:00:34.115516 UTC","00:0e:8e:bf:0e:69","6","2437","-62","DroneIDTest","wlan","26.651896068527233","-81.81245302493372","62.6"
109,"1581F5FJC247600D3DBP","J1zcGwYsRC7E","Sep 28, 2026, 2:54:17 PM EDT","Unknown","Unknown","Unknown","Unknown","1581F5FJC247600D3DBP","2","N/A","110","80","0","2","0","FIN87astrdge12k8","0","Drone ID test flight---","0","20.5","26.65975517901853","-81.81467762800405","26.652344567921624","-81.8125682589681","Aug 06, 2024 19:00:34.115516 UTC","00:0e:8e:bf:0e:69","6","2437","-62","DroneIDTest","wlan","26.652344567921624","-81.8125682589681","64.3"
110,"1581F5FJC247600D3DBP","J1zcGwYsRC7E","Sep 28, 2026, 2:54:17 PM EDT","Unknown","Unknown","Unknown","Unknown","1581F5FJC247600D3DBP","2","N/A","110","80","0","2","0","FIN87astrdge12k8","0","Drone ID test flight---","0","20.5","26.65975517901853","-81.81467762800405","26.652344567921624","-81.8125682589681","Aug 06, 2024 19:00:34.115516 UTC","00:0e:8e:bf:0e:69","6","2437","-62","DroneIDTest","wlan","26.652344567921624","-81.8125682589681","64.5"
111,"1581F5FJC247600D3DBP","J1zcGwYsRC7E","Sep 28, 2026, 2:54:17 PM EDT","Unknown","Unknown","Unknown","Unknown","1581F5FJC247600D3DBP","2","N/A","110","80","0","2","0","FIN87astrdge12k8","0","Drone ID test flight---","0","20.5","26.65975517901853","-81.81467762800405","26.652344567921624","-81.8125682589681","Aug 06, 2024 19:00:34.115516 UTC","00:0e:8e:bf:0e:69","6","2437","-62","DroneIDTest","wlan","26.652344567921624","-81.8125682589681","65.1"
112,"1581F5FJC247600D3DBP","J1zcGwYsRC7E","Sep 28, 2026, 2:54:19 PM EDT","Unknown","Unknown","Unknown","Unknown","1581F5FJC247600D3DBP","2","N/A","110","80","0","2","0","FIN87astrdge12k8","0","Drone ID test flight---","0","20.5","26.65975517901853","-81.81467762800405","26.652713666591115","-81.81270172623711","Aug 06, 2024 19:00:34.115516 UTC","00:0e:8e:bf:0e:69","6","2437","-62","DroneIDTest","wlan","26.652713666591115","-81.81270172623711","67"
113,"1581F5FJC247600D3DBP","J1zcGwYsRC7E","Sep 28, 2026, 2:54:19 PM EDT","Unknown","Unknown","Unknown","Unknown","1581F5FJC247600D3DBP","2","N/A","110","80","0","2","0","FIN87astrdge12k8","0","Drone ID test flight---","0","20.5","26.65975517901853","-81.81467762800405","26.652713666591115","-81.81270172623711","Aug 06, 2024 19:00:34.115516 UTC","00:0e:8e:bf:0e:69","6","2437","-62","DroneIDTest","wlan","26.652713666591115","-81.81270172623711","68.8"
114,"1581F5FJC247600D3DBP","J1zcGwYsRC7E","Sep 28, 2026, 2:54:19 PM EDT","Unknown","Unknown","Unknown","Unknown","1581F5FJC247600D3DBP","2","N/A","110","80","0","2","0","FIN87astrdge12k8","0","Drone ID test flight---","0","20.5","26.65975517901853","-81.81467762800405","26.652713666591115","-81.81270172623711","Aug 06, 2024 19:00:34.115516 UTC","00:0e:8e:bf:0e:69","6","2437","-62","DroneIDTest","wlan","26.652713666591115","-81.81270172623711","68.8"
115,"1581F5FJC247600D3DBP","J1zcGwYsRC7E","Sep 28, 2026, 2:54:21 PM EDT","Unknown","Unknown","Unknown","Unknown","1581F5FJC247600D3DBP","2","N/A","110","80","0","2","0","FIN87astrdge12k8","0","Drone ID test flight---","0","20.5","26.65975517901853","-81.81467762800405","26.653112753199895","-81.81282908281221","Aug 06, 2024 19:00:34.115516 UTC","00:0e:8e:bf:0e:69","6","2437","-62","DroneIDTest","wlan","26.653112753199895","-81.81282908281221","67.8"
116,"1581F5FJC247600D3DBP","J1zcGwYsRC7E","Sep 28, 2026, 2:54:21 PM EDT","Unknown","Unknown","Unknown","Unknown","1581F5FJC247600D3DBP","2","N/A","110","80","0","2","0","FIN87astrdge12k8","0","Drone ID test flight---","0","20.5","26.65975517901853","-81.81467762800405","26.653112753199895","-81.81282908281221","Aug 06, 2024 19:00:34.115516 UTC","00:0e:8e:bf:0e:69","6","2437","-62","DroneIDTest","wlan","26.653112753199895","-81.81282908281221","68.1"
117,"1581F5FJC247600D3DBP","J1zcGwYsRC7E","Sep 28, 2026, 2:54:21 PM EDT","Unknown","Unknown","Unknown","Unknown","1581F5FJC247600D3DBP","2","N/A","110","80","0","2","0","FIN87astrdge12k8","0","Drone ID test flight---","0","20.5","26.65975517901853","-81.81467762800405","26.653112753199895","-81.81282908281221","Aug 06, 2024 19:00:34.115516 UTC","00:0e:8e:bf:0e:69","6","2437","-62","DroneIDTest","wlan","26.653112753199895","-81.81282908281221","69.7"
118,"1581F5FJC247600D3DBP","J1zcGwYsRC7E","Sep 28, 2026, 2:54:23 PM EDT","Unknown","Unknown","Unknown","Unknown","1581F5FJC247600D3DBP","2","N/A","110","80","0","2","0","FIN87astrdge12k8","0","Drone ID test flight---","0","20.5","26.65975517901853","-81.81467762800405","26.65361195443561","-81.8129170757509","Aug 06, 2024 19:00:34.115516 UTC","00:0e:8e:bf:0e:69","6","2437","-62","DroneIDTest","wlan","26.65361195443561","-81.8129170757509","68"
119,"1581F5FJC247600D3DBP","J1zcGwYsRC7E","Sep 28, 2026, 2:54:23 PM EDT","Unknown","Unknown","Unknown","Unknown","1581F5FJC247600D3DBP","2","N/A","110","80","0","2","0","FIN87astrdge12k8","0","Drone ID test flight---","0","20.5","26.65975517901853","-81.81467762800405","26.65361195443561","-81.8129170757509","Aug 06, 2024 19:00:34.115516 UTC","00:0e:8e:bf:0e:69","6","2437","-62","DroneIDTest","wlan","26.65361195443561","-81.8129170757509","66.9"
120,"1581F5FJC247600D3DBP","J1zcGwYsRC7E","Sep 28, 2026, 2:54:23 PM EDT","Unknown","Unknown","Unknown","Unknown","1581F5FJC247600D3DBP","2","N/A","110","80","0","2","0","FIN87astrdge12k8","0","Drone ID test flight---","0","20.5","26.65975517901853","-81.81467762800405","26.65361195443561","-81.8129170757509","Aug 06, 2024 19:00:34.115516 UTC","00:0e:8e:bf:0e:69","6","2437","-62","DroneIDTest","wlan","26.65361195443561","-81.8129170757509","67.3"
121,"1581F5FJC247600D3DBP","J1zcGwYsRC7E","Sep 28, 2026, 2:54:25 PM EDT","Unknown","Unknown","Unknown","Unknown","1581F5FJC247600D3DBP","2","N/A","110","80","0","2","0","FIN87astrdge12k8","0","Drone ID test flight---","0","20.5","26.65975517901853","-81.81467762800405","26.65402970494263","-81.81299905369501","Aug 06, 2024 19:00:34.115516 UTC","00:0e:8e:bf:0e:69","6","2437","-62","DroneIDTest","wlan","26.65402970494263","-81.81299905369501","66.1"
122,"1581F5FJC247600D3DBP","J1zcGwYsRC7E","Sep 28, 2026, 2:54:25 PM EDT","Unknown","Unknown","Unknown","Unknown","1581F5FJC247600D3DBP","2","N/A","110","80","0","2","0","FIN87astrdge12k8","0","Drone ID test flight---","0","20.5","26.65975517901853","-81.81467762800405","26.65402970494263","-81.81299905369501","Aug 06, 2024 19:00:34.115516 UTC","00:0e:8e:bf:0e:69","6","2437","-62","DroneIDTest","wlan","26.65402970494263","-81.81299905369501","64.7"
123,"1581F5FJC247600D3DBP","J1zcGwYsRC7E","Sep 28, 2026, 2:54:25 PM EDT","Unknown","Unknown","Unknown","Unknown","1581F5FJC247600D3DBP","2","N/A","110","80","0","2","0","FIN87astrdge12k8","0","Drone ID test flight---","0","20.5","26.65975517901853","-81.81467762800405","26.65402970494263","-81.81299905369501","Aug 06, 2024 19:00:34.115516 UTC","00:0e:8e:bf:0e:69","6","2437","-62","DroneIDTest","wlan","26.65402970494263","-81.81299905369501","62.8"
124,"1581F5FJC247600D3DBP","J1zcGwYsRC7E","Sep 28, 2026, 2:54:27 PM EDT","Unknown","Unknown","Unknown","Unknown","1581F5FJC247600D3DBP","2","N/A","110","80","0","2","0","FIN87astrdge12k8","0","Drone ID test flight---","0","20.5","26.65975517901853","-81.81467762800405","26.654428387036155","-81.813085300259","Aug 06, 2024 19:00:34.115516 UTC","00:0e:8e:bf:0e:69","6","2437","-62","DroneIDTest","wlan","26.654428387036155","-81.813085300259","64.4"
125,"1581F5FJC247600D3DBP","J1zcGwYsRC7E","Sep 28, 2026, 2:54:27 PM EDT","Unknown","Unknown","Unknown","Unknown","1581F5FJC247600D3DBP","2","N/A","110","80","0","2","0","FIN87astrdge12k8","0","Drone ID test flight---","0","20.5","26.65975517901853","-81.81467762800405","26.654428387036155","-81.813085300259","Aug 06, 2024 19:00:34.115516 UTC","00:0e:8e:bf:0e:69","6","2437","-62","DroneIDTest","wlan","26.654428387036155","-81.813085300259","64.5"
126,"1581F5FJC247600D3DBP","J1zcGwYsRC7E","Sep 28, 2026, 2:54:27 PM EDT","Unknown","Unknown","Unknown","Unknown","1581F5FJC247600D3DBP","2","N/A","110","80","0","2","0","FIN87astrdge12k8","0","Drone ID test flight---","0","20.5","26.65975517901853","-81.81467762800405","26.654428387036155","-81.813085300259","Aug 06, 2024 19:00:34.115516 UTC","00:0e:8e:bf:0e:69","6","2437","-62","DroneIDTest","wlan","26.654428387036155","-81.813085300259","66.4"
127,"1581F5FJC247600D3DBP","J1zcGwYsRC7E","Sep 28, 2026, 2:54:29 PM EDT","Unknown","Unknown","Unknown","Unknown","1581F5FJC247600D3DBP","2","N/A","110","80","0","2","0","FIN87astrdge12k8","0","Drone ID test flight---","0","20.5","26.65975517901853","-81.81467762800405","26.654899153064786","-81.81322568574676","Aug 06, 2024 19:00:34.115516 UTC","00:0e:8e:bf:0e:69","6","2437","-62","DroneIDTest","wlan","26.654899153064786","-81.81322568574676","66.3"
128,"1581F5FJC247600D3DBP","J1zcGwYsRC7E","Sep 28, 2026, 2:54:29 PM EDT","Unknown","Unknown","Unknown","Unknown","1581F5FJC247600D3DBP","2","N/A","110","80","0","2","0","FIN87astrdge12k8","0","Drone ID test flight---","0","20.5","26.65975517901853","-81.81467762800405","26.654899153064786","-81.81322568574676","Aug 06, 2024 19:00:34.115516 UTC","00:0e:8e:bf:0e:69","6","2437","-62","DroneIDTest","wlan","26.654899153064786","-81.81322568574676","65.6"
129,"1581F5FJC247600D3DBP","J1zcGwYsRC7E","Sep 28, 2026, 2:54:29 PM EDT","Unknown","Unknown","Unknown","Unknown","1581F5FJC247600D3DBP","2","N/A","110","80","0","2","0","FIN87astrdge12k8","0","Drone ID test flight---","0","20.5","26.65975517901853","-81.81467762800405","26.654899153064786","-81.81322568574676","Aug 06, 2024 19:00:34.115516 UTC","00:0e:8e:bf:0e:69","6","2437","-62","DroneIDTest","wlan","26.654899153064786","-81.81322568574676","65.1"
130,"1581F5FJC247600D3DBP","J1zcGwYsRC7E","Sep 28, 2026, 2:54:31 PM EDT","Unknown","Unknown","Unknown","Unknown","1581F5FJC247600D3DBP","2","N/A","110","80","0","2","0","FIN87astrdge12k8","0","Drone ID test flight---","0","20.5","26.65975517901853","-81.81467762800405","26.6561694084209","-81.8131673460153","Aug 06, 2024 19:00:34.115516 UTC","00:0e:8e:bf:0e:69","6","2437","-62","DroneIDTest","wlan","26.6561694084209","-81.8131673460153","64.3"
131,"1581F5FJC247600D3DBP","J1zcGwYsRC7E","Sep 28, 2026, 2:54:31 PM EDT","Unknown","Unknown","Unknown","Unknown","1581F5FJC247600D3DBP","2","N/A","110","80","0","2","0","FIN87astrdge12k8","0","Drone ID test flight---","0","20.5","26.65975517901853","-81.81467762800405","26.6561694084209","-81.8131673460153","Aug 06, 2024 19:00:34.115516 UTC","00:0e:8e:bf:0e:69","6","2437","-62","DroneIDTest","wlan","26.6561694084209","-81.8131673460153","63.1"
132,"1581F5FJC247600D3DBP","J1zcGwYsRC7E","Sep 28, 2026, 2:54:31 PM EDT","Unknown","Unknown","Unknown","Unknown","1581F5FJC247600D3DBP","2","N/A","110","80","0","2","0","FIN87astrdge12k8","0","Drone ID test flight---","0","20.5","26.65975517901853","-81.81467762800405","26.6561694084209","-81.8131673460153","Aug 06, 2024 19:00:34.115516 UTC","00:0e:8e:bf:0e:69","6","2437","-62","DroneIDTest","wlan","26.6561694084209","-81.8131673460153","63"
133,"1581F5FJC247600D3DBP","J1zcGwYsRC7E","Sep 28, 2026, 2:54:33 PM EDT","Unknown","Unknown","Unknown","Unknown","1581F5FJC247600D3DBP","2","N/A","110","80","0","2","0","FIN87astrdge12k8","0","Drone ID test flight---","0","20.5","26.65975517901853","-81.81467762800405","26.657209712915826","-81.81235393462788","Aug 06, 2024 19:00:34.115516 UTC","00:0e:8e:bf:0e:69","6","2437","-62","DroneIDTest","wlan","26.657209712915826","-81.81235393462788","63.9"
134,"1581F5FJC247600D3DBP","J1zcGwYsRC7E","Sep 28, 2026, 2:54:33 PM EDT","Unknown","Unknown","Unknown","Unknown","1581F5FJC247600D3DBP","2","N/A","110","80","0","2","0","FIN87astrdge12k8","0","Drone ID test flight---","0","20.5","26.65975517901853","-81.81467762800405","26.657209712915826","-81.81235393462788","Aug 06, 2024 19:00:34.115516 UTC","00:0e:8e:bf:0e:69","6","2437","-62","DroneIDTest","wlan","26.657209712915826","-81.81235393462788","61.9"
135,"1581F5FJC247600D3DBP","J1zcGwYsRC7E","Sep 28, 2026, 2:54:33 PM EDT","Unknown","Unknown","Unknown","Unknown","1581F5FJC247600D3DBP","2","N/A","110","80","0","2","0","FIN87astrdge12k8","0","Drone ID test flight---","0","20.5","26.65975517901853","-81.81467762800405","26.657209712915826","-81.81235393462788","Aug 06, 2024 19:00:34.115516 UTC","00:0e:8e:bf:0e:69","6","2437","-62","DroneIDTest","wlan","26.657209712915826","-81.81235393462788","63.9"
136,"1581F5FJC247600D3DBP","J1zcGwYsRC7E","Sep 28, 2026, 2:54:35 PM EDT","Unknown","Unknown","Unknown","Unknown","1581F5FJC247600D3DBP","2","N/A","110","80","0","2","0","FIN87astrdge12k8","0","Drone ID test flight---","0","20.5","26.65975517901853","-81.81467762800405","26.65768972600068","-81.81104368465247","Aug 06, 2024 19:00:34.115516 UTC","00:0e:8e:bf:0e:69","6","2437","-62","DroneIDTest","wlan","26.65768972600068","-81.81104368465247","62.9"
137,"1581F5FJC247600D3DBP","J1zcGwYsRC7E","Sep 28, 2026, 2:54:35 PM EDT","Unknown","Unknown","Unknown","Unknown","1581F5FJC247600D3DBP","2","N/A","110","80","0","2","0","FIN87astrdge12k8","0","Drone ID test flight---","0","20.5","26.65975517901853","-81.81467762800405","26.65768972600068","-81.81104368465247","Aug 06, 2024 19:00:34.115516 UTC","00:0e:8e:bf:0e:69","6","2437","-62","DroneIDTest","wlan","26.65768972600068","-81.81104368465247","62"
138,"1581F5FJC247600D3DBP","J1zcGwYsRC7E","Sep 28, 2026, 2:54:35 PM EDT","Unknown","Unknown","Unknown","Unknown","1581F5FJC247600D3DBP","2","N/A","110","80","0","2","0","FIN87astrdge12k8","0","Drone ID test flight---","0","20.5","26.65975517901853","-81.81467762800405","26.65768972600068","-81.81104368465247","Aug 06, 2024 19:00:34.115516 UTC","00:0e:8e:bf:0e:69","6","2437","-62","DroneIDTest","wlan","26.65768972600068","-81.81104368465247","61.9"
139,"1581F5FJC247600D3DBP","J1zcGwYsRC7E","Sep 28, 2026, 2:54:37 PM EDT","Unknown","Unknown","Unknown","Unknown","1581F5FJC247600D3DBP","2","N/A","110","80","0","2","0","FIN87astrdge12k8","0","Drone ID test flight---","0","20.5","26.65975517901853","-81.81467762800405","26.65745703988555","-81.80965260745279","Aug 06, 2024 19:00:34.115516 UTC","00:0e:8e:bf:0e:69","6","2437","-62","DroneIDTest","wlan","26.65745703988555","-81.80965260745279","60.8"
140,"1581F5FJC247600D3DBP","J1zcGwYsRC7E","Sep 28, 2026, 2:54:37 PM EDT","Unknown","Unknown","Unknown","Unknown","1581F5FJC247600D3DBP","2","N/A","110","80","0","2","0","FIN87astrdge12k8","0","Drone ID test flight---","0","20.5","26.65975517901853","-81.81467762800405","26.65745703988555","-81.80965260745279","Aug 06, 2024 19:00:34.115516 UTC","00:0e:8e:bf:0e:69","6","2437","-62","DroneIDTest","wlan","26.65745703988555","-81.80965260745279","61.2"
141,"1581F5FJC247600D3DBP","J1zcGwYsRC7E","Sep 28, 2026, 2:54:37 PM EDT","Unknown","Unknown","Unknown","Unknown","1581F5FJC247600D3DBP","2","N/A","110","80","0","2","0","FIN87astrdge12k8","0","Drone ID test flight---","0","20.5","26.65975517901853","-81.81467762800405","26.65745703988555","-81.80965260745279","Aug 06, 2024 19:00:34.115516 UTC","00:0e:8e:bf:0e:69","6","2437","-62","DroneIDTest","wlan","26.65745703988555","-81.80965260745279","60.3"
142,"1581F5FJC247600D3DBP","J1zcGwYsRC7E","Sep 28, 2026, 2:54:39 PM EDT","Unknown","Unknown","Unknown","Unknown","1581F5FJC247600D3DBP","2","N/A","110","80","0","2","0","FIN87astrdge12k8","0","Drone ID test flight---","0","20.5","26.65975517901853","-81.81467762800405","26.656585534384433","-81.80862238142437","Aug 06, 2024 19:00:34.115516 UTC","00:0e:8e:bf:0e:69","6","2437","-62","DroneIDTest","wlan","26.656585534384433","-81.80862238142437","61.4"
143,"1581F5FJC247600D3DBP","J1zcGwYsRC7E","Sep 28, 2026, 2:54:39 PM EDT","Unknown","Unknown","Unknown","Unknown","1581F5FJC247600D3DBP","2","N/A","110","80","0","2","0","FIN87astrdge12k8","0","Drone ID test flight---","0","20.5","26.65975517901853","-81.81467762800405","26.656585534384433","-81.80862238142437","Aug 06, 2024 19:00:34.115516 UTC","00:0e:8e:bf:0e:69","6","2437","-62","DroneIDTest","wlan","26.656585534384433","-81.80862238142437","63.1"
144,"1581F5FJC247600D3DBP","J1zcGwYsRC7E","Sep 28, 2026, 2:54:39 PM EDT","Unknown","Unknown","Unknown","Unknown","1581F5FJC247600D3DBP","2","N/A","110","80","0","2","0","FIN87astrdge12k8","0","Drone ID test flight---","0","20.5","26.65975517901853","-81.81467762800405","26.656585534384433","-81.80862238142437","Aug 06, 2024 19:00:34.115516 UTC","00:0e:8e:bf:0e:69","6","2437","-62","DroneIDTest","wlan","26.656585534384433","-81.80862238142437","65.1"
145,"1581F5FJC247600D3DBP","J1zcGwYsRC7E","Sep 28, 2026, 2:54:41 PM EDT","Unknown","Unknown","Unknown","Unknown","1581F5FJC247600D3DBP","2","N/A","110","80","0","2","0","FIN87astrdge12k8","0","Drone ID test flight---","0","20.5","26.65975517901853","-81.81467762800405","26.65535191636754","-81.80828009742069","Aug 06, 2024 19:00:34.115516 UTC","00:0e:8e:bf:0e:69","6","2437","-62","DroneIDTest","wlan","26.65535191636754","-81.80828009742069","65.1"
146,"1581F5FJC247600D3DBP","J1zcGwYsRC7E","Sep 28, 2026, 2:54:41 PM EDT","Unknown","Unknown","Unknown","Unknown","1581F5FJC247600D3DBP","2","N/A","110","80","0","2","0","FIN87astrdge12k8","0","Drone ID test flight---","0","20.5","26.65975517901853","-81.81467762800405","26.65535191636754","-81.80828009742069","Aug 06, 2024 19:00:34.115516 UTC","00:0e:8e:bf:0e:69","6","2437","-62","DroneIDTest","wlan","26.65535191636754","-81.80828009742069","64.3"
147,"1581F5FJC247600D3DBP","J1zcGwYsRC7E","Sep 28, 2026, 2:54:41 PM EDT","Unknown","Unknown","Unknown","Unknown","1581F5FJC247600D3DBP","2","N/A","110","80","0","2","0","FIN87astrdge12k8","0","Drone ID test flight---","0","20.5","26.65975517901853","-81.81467762800405","26.65535191636754","-81.80828009742069","Aug 06, 2024 19:00:34.115516 UTC","00:0e:8e:bf:0e:69","6","2437","-62","DroneIDTest","wlan","26.65535191636754","-81.80828009742069","65.2"
148,"1581F5FJC247600D3DBP","J1zcGwYsRC7E","Sep 28, 2026, 2:54:43 PM EDT","Unknown","Unknown","Unknown","Unknown","1581F5FJC247600D3DBP","2","N/A","110","80","0","2","0","FIN87astrdge12k8","0","Drone ID test flight---","0","20.5","26.65975517901853","-81.81467762800405","26.654147855556086","-81.80873440811949","Aug 06, 2024 19:00:34.115516 UTC","00:0e:8e:bf:0e:69","6","2437","-62","DroneIDTest","wlan","26.654147855556086","-81.80873440811949","63.9"
149,"1581F5FJC247600D3DBP","J1zcGwYsRC7E","Sep 28, 2026, 2:54:43 PM EDT","Unknown","Unknown","Unknown","Unknown","1581F5FJC247600D3DBP","2","N/A","110","80","0","2","0","FIN87astrdge12k8","0","Drone ID test flight---","0","20.5","26.65975517901853","-81.81467762800405","26.654147855556086","-81.80873440811949","Aug 06, 2024 19:00:34.115516 UTC","00:0e:8e:bf:0e:69","6","2437","-62","DroneIDTest","wlan","26.654147855556086","-81.80873440811949","62.6"
150,"1581F5FJC247600D3DBP","J1zcGwYsRC7E","Sep 28, 2026, 2:54:43 PM EDT","Unknown","Unknown","Unknown","Unknown","1581F5FJC247600D3DBP","2","N/A","110","80","0","2","0","FIN87astrdge12k8","0","Drone ID test flight---","0","20.5","26.65975517901853","-81.81467762800405","26.654147855556086","-81.80873440811949","Aug 06, 2024 19:00:34.115516 UTC","00:0e:8e:bf:0e:69","6","2437","-62","DroneIDTest","wlan","26.654147855556086","-81.80873440811949","60.9"
151,"1581F5FJC247600D3DBP","J1zcGwYsRC7E","Sep 28, 2026, 2:54:45 PM EDT","Unknown","Unknown","Unknown","Unknown","1581F5FJC247600D3DBP","2","N/A","110","80","0","2","0","FIN87astrdge12k8","0","Drone ID test flight---","0","20.5","26.65975517901853","-81.81467762800405","26.653355626638668","-81.80984105503774","Aug 06, 2024 19:00:34.115516 UTC","00:0e:8e:bf:0e:69","6","2437","-62","DroneIDTest","wlan","26.653355626638668","-81.80984105503774","62.1"
152,"1581F5FJC247600D3DBP","J1zcGwYsRC7E","Sep 28, 2026, 2:54:45 PM EDT","Unknown","Unknown","Unknown","Unknown","1581F5FJC247600D3DBP","2","N/A","110","80","0","2","0","FIN87astrdge12k8","0","Drone ID test flight---","0","20.5","26.65975517901853","-81.81467762800405","26.653355626638668","-81.80984105503774","Aug 06, 2024 19:00:34.115516 UTC","00:0e:8e:bf:0e:69","6","2437","-62","DroneIDTest","wlan","26.653355626638668","-81.80984105503774","63.8"
153,"1581F5FJC247600D3DBP","J1zcGwYsRC7E","Sep 28, 2026, 2:54:45 PM EDT","Unknown","Unknown","Unknown","Unknown","1581F5FJC247600D3DBP","2","N/A","110","80","0","2","0","FIN87astrdge12k8","0","Drone ID test flight---","0","20.5","26.65975517901853","-81.81467762800405","26.653355626638668","-81.80984105503774","Aug 06, 2024 19:00:34.115516 UTC","00:0e:8e:bf:0e:69","6","2437","-62","DroneIDTest","wlan","26.653355626638668","-81.80984105503774","65.3"
154,"1581F5FJC247600D3DBP","J1zcGwYsRC7E","Sep 28, 2026, 2:54:47 PM EDT","Unknown","Unknown","Unknown","Unknown","1581F5FJC247600D3DBP","2","N/A","110","80","0","2","0","FIN87astrdge12k8","0","Drone ID test flight---","0","20.5","26.65975517901853","-81.81467762800405","26.65322674690454","-81.81124869067798","Aug 06, 2024 19:00:34.115516 UTC","00:0e:8e:bf:0e:69","6","2437","-62","DroneIDTest","wlan","26.65322674690454","-81.81124869067798","65.9"
155,"1581F5FJC247600D3DBP","J1zcGwYsRC7E","Sep 28, 2026, 2:54:47 PM EDT","Unknown","Unknown","Unknown","Unknown","1581F5FJC247600D3DBP","2","N/A","110","80","0","2","0","FIN87astrdge12k8","0","Drone ID test flight---","0","20.5","26.65975517901853","-81.81467762800405","26.65322674690454","-81.81124869067798","Aug 06, 2024 19:00:34.115516 UTC","00:0e:8e:bf:0e:69","6","2437","-62","DroneIDTest","wlan","26.65322674690454","-81.81124869067798","64.2"
156,"1581F5FJC247600D3DBP","J1zcGwYsRC7E","Sep 28, 2026, 2:54:47 PM EDT","Unknown","Unknown","Unknown","Unknown","1581F5FJC247600D3DBP","2","N/A","110","80","0","2","0","FIN87astrdge12k8","0","Drone ID test flight---","0","20.5","26.65975517901853","-81.81467762800405","26.65322674690454","-81.81124869067798","Aug 06, 2024 19:00:34.115516 UTC","00:0e:8e:bf:0e:69","6","2437","-62","DroneIDTest","wlan","26.65322674690454","-81.81124869067798","64.9"
157,"1581F5FJC247600D3DBP","J1zcGwYsRC7E","Sep 28, 2026, 2:54:49 PM EDT","Unknown","Unknown","Unknown","Unknown","1581F5FJC247600D3DBP","2","N/A","110","80","0","2","0","FIN87astrdge12k8","0","Drone ID test flight---","0","20.5","26.65975517901853","-81.81467762800405","26.653802132732007","-81.81251042293613","Aug 06, 2024 19:00:34.115516 UTC","00:0e:8e:bf:0e:69","6","2437","-62","DroneIDTest","wlan","26.653802132732007","-81.81251042293613","63.4"
158,"1581F5FJC247600D3DBP","J1zcGwYsRC7E","Sep 28, 2026, 2:54:49 PM EDT","Unknown","Unknown","Unknown","Unknown","1581F5FJC247600D3DBP","2","N/A","110","80","0","2","0","FIN87astrdge12k8","0","Drone ID test flight---","0","20.5","26.65975517901853","-81.81467762800405","26.653802132732007","-81.81251042293613","Aug 06, 2024 19:00:34.115516 UTC","00:0e:8e:bf:0e:69","6","2437","-62","DroneIDTest","wlan","26.653802132732007","-81.81251042293613","63.2"
159,"1581F5FJC247600D3DBP","J1zcGwYsRC7E","Sep 28, 2026, 2:54:49 PM EDT","Unknown","Unknown","Unknown","Unknown","1581F5FJC247600D3DBP","2","N/A","110","80","0","2","0","FIN87astrdge12k8","0","Drone ID test flight---","0","20.5","26.65975517901853","-81.81467762800405","26.653802132732007","-81.81251042293613","Aug 06, 2024 19:00:34.115516 UTC","00:0e:8e:bf:0e:69","6","2437","-62","DroneIDTest","wlan","26.653802132732007","-81.81251042293613","63.3"
160,"1581F5FJC247600D3DBP","J1zcGwYsRC7E","Sep 28, 2026, 2:54:51 PM EDT","Unknown","Unknown","Unknown","Unknown","1581F5FJC247600D3DBP","2","N/A","110","80","0","2","0","FIN87astrdge12k8","0","Drone ID test flight---","0","20.5","26.65975517901853","-81.81467762800405","26.65489911129666","-81.81322567415634","Aug 06, 2024 19:00:34.115516 UTC","00:0e:8e:bf:0e:69","6","2437","-62","DroneIDTest","wlan","26.65489911129666","-81.81322567415634","62.7"
161,"1581F5FJC247600D3DBP","J1zcGwYsRC7E","Sep 28, 2026, 2:54:51 PM EDT","Unknown","Unknown","Unknown","Unknown","1581F5FJC247600D3DBP","2","N/A","110","80","0","2","0","FIN87astrdge12k8","0","Drone ID test flight---","0","20.5","26.65975517901853","-81.81467762800405","26.65489911129666","-81.81322567415634","Aug 06, 2024 19:00:34.115516 UTC","00:0e:8e:bf:0e:69","6","2437","-62","DroneIDTest","wlan","26.65489911129666","-81.81322567415634","60.8"
162,"1581F5FJC247600D3DBP","J1zcGwYsRC7E","Sep 28, 2026, 2:54:51 PM EDT","Unknown","Unknown","Unknown","Unknown","1581F5FJC247600D3DBP","2","N/A","110","80","0","2","0","FIN87astrdge12k8","0","Drone ID test flight---","0","20.5","26.65975517901853","-81.81467762800405","26.65489911129666","-81.81322567415634","Aug 06, 2024 19:00:34.115516 UTC","00:0e:8e:bf:0e:69","6","2437","-62","DroneIDTest","wlan","26.65489911129666","-81.81322567415634","59"
163,"1581F5FJC247600D3DBP","J1zcGwYsRC7E","Sep 28, 2026, 2:54:53 PM EDT","Unknown","Unknown","Unknown","Unknown","1581F5FJC247600D3DBP","2","N/A","110","80","0","2","0","FIN87astrdge12k8","0","Drone ID test flight---","0","20.5","26.65975517901853","-81.81467762800405","26.656081688242207","-81.81404806714026","Aug 06, 2024 19:00:34.115516 UTC","00:0e:8e:bf:0e:69","6","2437","-62","DroneIDTest","wlan","26.656081688242207","-81.81404806714026","57"
164,"1581F5FJC247600D3DBP","J1zcGwYsRC7E","Sep 28, 2026, 2:54:53 PM EDT","Unknown","Unknown","Unknown","Unknown","1581F5FJC247600D3DBP","2","N/A","110","80","0","2","0","FIN87astrdge12k8","0","Drone ID test flight---","0","20.5","26.65975517901853","-81.81467762800405","26.656081688242207","-81.81404806714026","Aug 06, 2024 19:00:34.115516 UTC","00:0e:8e:bf:0e:69","6","2437","-62","DroneIDTest","wlan","26.656081688242207","-81.81404806714026","55.4"
165,"1581F5FJC247600D3DBP","J1zcGwYsRC7E","Sep 28, 2026, 2:54:53 PM EDT","Unknown","Unknown","Unknown","Unknown","1581F5FJC247600D3DBP","2","N/A","110","80","0","2","0","FIN87astrdge12k8","0","Drone ID test flight---","0","20.5","26.65975517901853","-81.81467762800405","26.656081688242207","-81.81404806714026","Aug 06, 2024 19:00:34.115516 UTC","00:0e:8e:bf:0e:69","6","2437","-62","DroneIDTest","wlan","26.656081688242207","-81.81404806714026","56.1"
166,"1581F5FJC247600D3DBP","J1zcGwYsRC7E","Sep 28, 2026, 2:54:55 PM EDT","Unknown","Unknown","Unknown","Unknown","1581F5FJC247600D3DBP","2","N/A","110","80","0","2","0","FIN87astrdge12k8","0","Drone ID test flight---","0","20.5","26.65975517901853","-81.81467762800405","26.65660408786475","-81.81548704691022","Aug 06, 2024 19:00:34.115516 UTC","00:0e:8e:bf:0e:69","6","2437","-62","DroneIDTest","wlan","26.65660408786475","-81.81548704691022","55.3"
167,"1581F5FJC247600D3DBP","J1zcGwYsRC7E","Sep 28, 2026, 2:54:55 PM EDT","Unknown","Unknown","Unknown","Unknown","1581F5FJC247600D3DBP","2","N/A","110","80","0","2","0","FIN87astrdge12k8","0","Drone ID test flight---","0","20.5","26.65975517901853","-81.81467762800405","26.65660408786475","-81.81548704691022","Aug 06, 2024 19:00:34.115516 UTC","00:0e:8e:bf:0e:69","6","2437","-62","DroneIDTest","wlan","26.65660408786475","-81.81548704691022","53.4"
168,"1581F5FJC247600D3DBP","J1zcGwYsRC7E","Sep 28, 2026, 2:54:55 PM EDT","Unknown","Unknown","Unknown","Unknown","1581F5FJC247600D3DBP","2","N/A","110","80","0","2","0","FIN87astrdge12k8","0","Drone ID test flight---","0","20.5","26.65975517901853","-81.81467762800405","26.65660408786475","-81.81548704691022","Aug 06, 2024 19:00:34.115516 UTC","00:0e:8e:bf:0e:69","6","2437","-62","DroneIDTest","wlan","26.65660408786475","-81.81548704691022","54.1"
169,"1581F5FJC247600D3DBP","J1zcGwYsRC7E","Sep 28, 2026, 2:54:57 PM EDT","Unknown","Unknown","Unknown","Unknown","1581F5FJC247600D3DBP","2","N/A","110","80","0","2","0","FIN87astrdge12k8","0","Drone ID test flight---","0","20.5","26.65975517901853","-81.81467762800405","26.65626672058555","-81.81699293963761","Aug 06, 2024 19:00:34.115516 UTC","00:0e:8e:bf:0e:69","6","2437","-62","DroneIDTest","wlan","26.65626672058555","-81.81699293963761","54"
170,"1581F5FJC247600D3DBP","J1zcGwYsRC7E","Sep 28, 2026, 2:54:57 PM EDT","Unknown","Unknown","Unknown","Unknown","1581F5FJC247600D3DBP","2","N/A","110","80","0","2","0","FIN87astrdge12k8","0","Drone ID test flight---","0","20.5","26.65975517901853","-81.81467762800405","26.65626672058555","-81.81699293963761","Aug 06, 2024 19:00:34.115516 UTC","00:0e:8e:bf:0e:69","6","2437","-62","DroneIDTest","wlan","26.65626672058555","-81.81699293963761","54.2"
171,"1581F5FJC247600D3DBP","J1zcGwYsRC7E","Sep 28, 2026, 2:54:57 PM EDT","Unknown","Unknown","Unknown","Unknown","1581F5FJC247600D3DBP","2","N/A","110","80","0","2","0","FIN87astrdge12k8","0","Drone ID test flight---","0","20.5","26.65975517901853","-81.81467762800405","26.65626672058555","-81.81699293963761","Aug 06, 2024 19:00:34.115516 UTC","00:0e:8e:bf:0e:69","6","2437","-62","DroneIDTest","wlan","26.65626672058555","-81.81699293963761","52.7"
172,"1581F5FJC247600D3DBP","J1zcGwYsRC7E","Sep 28, 2026, 2:54:59 PM EDT","Unknown","Unknown","Unknown","Unknown","1581F5FJC247600D3DBP","2","N/A","110","80","0","2","0","FIN87astrdge12k8","0","Drone ID test flight---","0","20.5","26.65975517901853","-81.81467762800405","26.655198455261278","-81.81799051985881","Aug 06, 2024 19:00:34.115516 UTC","00:0e:8e:bf:0e:69","6","2437","-62","DroneIDTest","wlan","26.655198455261278","-81.81799051985881","52.6"
173,"1581F5FJC247600D3DBP","J1zcGwYsRC7E","Sep 28, 2026, 2:54:59 PM EDT","Unknown","Unknown","Unknown","Unknown","1581F5FJC247600D3DBP","2","N/A","110","80","0","2","0","FIN87astrdge12k8","0","Drone ID test flight---","0","20.5","26.65975517901853","-81.81467762800405","26.655198455261278","-81.81799051985881","Aug 06, 2024 19:00:34.115516 UTC","00:0e:8e:bf:0e:69","6","2437","-62","DroneIDTest","wlan","26.655198455261278","-81.81799051985881","53.2"
174,"1581F5FJC247600D3DBP","J1zcGwYsRC7E","Sep 28, 2026, 2:54:59 PM EDT","Unknown","Unknown","Unknown","Unknown","1581F5FJC247600D3DBP","2","N/A","110","80","0","2","0","FIN87astrdge12k8","0","Drone ID test flight---","0","20.5","26.65975517901853","-81.81467762800405","26.655198455261278","-81.81799051985881","Aug 06, 2024 19:00:34.115516 UTC","00:0e:8e:bf:0e:69","6","2437","-62","DroneIDTest","wlan","26.655198455261278","-81.81799051985881","53.3"
175,"1581F5FJC247600D3DBP","J1zcGwYsRC7E","Sep 28, 2026, 2:55:01 PM EDT","Unknown","Unknown","Unknown","Unknown","1581F5FJC247600D3DBP","2","N/A","110","80","0","2","0","FIN87astrdge12k8","0","Drone ID test flight---","0","20.5","26.65975517901853","-81.81467762800405","26.6538073455698","-81.81809875087714","Aug 06, 2024 19:00:34.115516 UTC","00:0e:8e:bf:0e:69","6","2437","-62","DroneIDTest","wlan","26.6538073455698","-81.81809875087714","54.6"
176,"1581F5FJC247600D3DBP","J1zcGwYsRC7E","Sep 28, 2026, 2:55:01 PM EDT","Unknown","Unknown","Unknown","Unknown","1581F5FJC247600D3DBP","2","N/A","110","80","0","2","0","FIN87astrdge12k8","0","Drone ID test flight---","0","20.5","26.65975517901853","-81.81467762800405","26.6538073455698","-81.81809875087714","Aug 06, 2024 19:00:34.115516 UTC","00:0e:8e:bf:0e:69","6","2437","-62","DroneIDTest","wlan","26.6538073455698","-81.81809875087714","54.1"
177,"1581F5FJC247600D3DBP","J1zcGwYsRC7E","Sep 28, 2026, 2:55:01 PM EDT","Unknown","Unknown","Unknown","Unknown","1581F5FJC247600D3DBP","2","N/A","110","80","0","2","0","FIN87astrdge12k8","0","Drone ID test flight---","0","20.5","26.65975517901853","-81.81467762800405","26.6538073455698","-81.81809875087714","Aug 06, 2024 19:00:34.115516 UTC","00:0e:8e:bf:0e:69","6","2437","-62","DroneIDTest","wlan","26.6538073455698","-81.81809875087714","55.7"
178,"1581F5FJC247600D3DBP","J1zcGwYsRC7E","Sep 28, 2026, 2:55:03 PM EDT","Unknown","Unknown","Unknown","Unknown","1581F5FJC247600D3DBP","2","N/A","110","80","0","2","0","FIN87astrdge12k8","0","Drone ID test flight---","0","20.5","26.65975517901853","-81.81467762800405","26.652624749915518","-81.8172763208607","Aug 06, 2024 19:00:34.115516 UTC","00:0e:8e:bf:0e:69","6","2437","-62","DroneIDTest","wlan","26.652624749915518","-81.8172763208607","57"
179,"1581F5FJC247600D3DBP","J1zcGwYsRC7E","Sep 28, 2026, 2:55:03 PM EDT","Unknown","Unknown","Unknown","Unknown","1581F5FJC247600D3DBP","2","N/A","110","80","0","2","0","FIN87astrdge12k8","0","Drone ID test flight---","0","20.5","26.65975517901853","-81.81467762800405","26.652624749915518","-81.8172763208607","Aug 06, 2024 19:00:34.115516 UTC","00:0e:8e:bf:0e:69","6","2437","-62","DroneIDTest","wlan","26.652624749915518","-81.8172763208607","56.7"
180,"1581F5FJC247600D3DBP","J1zcGwYsRC7E","Sep 28, 2026, 2:55:03 PM EDT","Unknown","Unknown","Unknown","Unknown","1581F5FJC247600D3DBP","2","N/A","110","80","0","2","0","FIN87astrdge12k8","0","Drone ID test flight---","0","20.5","26.65975517901853","-81.81467762800405","26.652624749915518","-81.8172763208607","Aug 06, 2024 19:00:34.115516 UTC","00:0e:8e:bf:0e:69","6","2437","-62","DroneIDTest","wlan","26.652624749915518","-81.8172763208607","57.9"