POINT_X,POINT_Y,POINT_Z,PlatformName,PlatformType,Speed_km_hr,BEARING,DateTimeSim,COUNTSim,Distance_1_sec
-81.80985728,26.628125,0,Skydio X10,Drone / UAV,60,0,2026-09-28 13:10:01,0,16.666667
-81.80985728,26.62825884,0,Skydio X10,Drone / UAV,60,0,2026-09-28 13:10:02,1,16.666667
-81.80985728,26.62839268,0,Skydio X10,Drone / UAV,60,0,2026-09-28 13:10:03,2,16.666667
-81.80991925,26.62850521,0,Skydio X10,Drone / UAV,60,333.79,2026-09-28 13:10:04,3,16.666667
-81.80998138,26.62860515,0,Skydio X10,Drone / UAV,60,330.94,2026-09-28 13:10:05,4,16.666667
-81.81006386,26.628701,0,Skydio X10,Drone / UAV,60,322.43,2026-09-28 13:10:06,5,16.666667
-81.81014594,26.62879856,0,Skydio X10,Drone / UAV,60,323.05,2026-09-28 13:10:07,6,16.666667
-81.81023996,26.62889162,0,Skydio X10,Drone / UAV,60,317.91,2026-09-28 13:10:08,7,16.666667
-81.81031055,26.62899188,0,Skydio X10,Drone / UAV,60,327.81,2026-09-28 13:10:09,8,16.666667
-81.81035308,26.6291062,0,Skydio X10,Drone / UAV,60,341.6,2026-09-28 13:10:10,9,16.666667
-81.81038407,26.62922316,0,Skydio X10,Drone / UAV,60,346.67,2026-09-28 13:10:11,10,16.666667
-81.8103944,26.62934776,0,Skydio X10,Drone / UAV,60,355.76,2026-09-28 13:10:12,11,16.666667
-81.81040404,26.62948068,0,Skydio X10,Drone / UAV,60,356.29,2026-09-28 13:10:13,12,16.666667
-81.81040404,26.62961452,0,Skydio X10,Drone / UAV,60,0,2026-09-28 13:10:14,13,16.666667
-81.81040404,26.62974836,0,Skydio X10,Drone / UAV,60,0,2026-09-28 13:10:15,14,16.666667
-81.81040404,26.6298822,0,Skydio X10,Drone / UAV,60,0,2026-09-28 13:10:16,15,16.666667
-81.81040404,26.63001603,0,Skydio X10,Drone / UAV,60,0,2026-09-28 13:10:17,16,16.666667
-81.81042926,26.63012733,0,Skydio X10,Drone / UAV,60,348.55,2026-09-28 13:10:18,17,16.666667
-81.81045448,26.63023862,0,Skydio X10,Drone / UAV,60,348.55,2026-09-28 13:10:19,18,16.666667
-81.8104797,26.63036312,0,Skydio X10,Drone / UAV,60,349.74,2026-09-28 13:10:20,19,16.666667
-81.81050492,26.63048762,0,Skydio X10,Drone / UAV,60,349.74,2026-09-28 13:10:21,20,16.666667
-81.81054491,26.63060665,0,Skydio X10,Drone / UAV,60,343.28,2026-09-28 13:10:22,21,16.666667
-81.81056421,26.6307287,0,Skydio X10,Drone / UAV,60,351.95,2026-09-28 13:10:23,22,16.666667
-81.81060579,26.63082537,0,Skydio X10,Drone / UAV,60,338.97,2026-09-28 13:10:24,23,16.666667
-81.81065622,26.63092732,0,Skydio X10,Drone / UAV,60,336.14,2026-09-28 13:10:25,24,16.666667
-81.81068521,26.63105103,0,Skydio X10,Drone / UAV,60,348.17,2026-09-28 13:10:26,25,16.666667
-81.81073188,26.631171,0,Skydio X10,Drone / UAV,60,340.83,2026-09-28 13:10:27,26,16.666667
-81.81078231,26.63125975,0,Skydio X10,Drone / UAV,60,333.07,2026-09-28 13:10:28,27,16.666667
-81.81083275,26.6313846,0,Skydio X10,Drone / UAV,60,340.15,2026-09-28 13:10:29,28,16.666667
-81.81087824,26.63150884,0,Skydio X10,Drone / UAV,60,341.88,2026-09-28 13:10:30,29,16.666667
-81.81093362,26.63161377,0,Skydio X10,Drone / UAV,60,334.74,2026-09-28 13:10:31,30,16.666667
-81.81098056,26.63173028,0,Skydio X10,Drone / UAV,60,340.19,2026-09-28 13:10:32,31,16.666667
-81.81105678,26.63183066,0,Skydio X10,Drone / UAV,60,325.83,2026-09-28 13:10:33,32,16.666667
-81.81108493,26.63194087,0,Skydio X10,Drone / UAV,60,347.14,2026-09-28 13:10:34,33,16.666667
-81.81115108,26.63205021,0,Skydio X10,Drone / UAV,60,331.6,2026-09-28 13:10:35,34,16.666667
-81.81121084,26.63214871,0,Skydio X10,Drone / UAV,60,331.53,2026-09-28 13:10:36,35,16.666667
-81.81123624,26.63227314,0,Skydio X10,Drone / UAV,60,349.66,2026-09-28 13:10:37,36,16.666667
-81.81128908,26.6323786,0,Skydio X10,Drone / UAV,60,335.87,2026-09-28 13:10:38,37,16.666667
-81.81133711,26.63249829,0,Skydio X10,Drone / UAV,60,340.27,2026-09-28 13:10:39,38,16.666667
-81.81138795,26.63260009,0,Skydio X10,Drone / UAV,60,335.94,2026-09-28 13:10:40,39,16.666667
-81.81144496,26.63271556,0,Skydio X10,Drone / UAV,60,336.19,2026-09-28 13:10:41,40,16.666667
-81.81151364,26.63281605,0,Skydio X10,Drone / UAV,60,328.58,2026-09-28 13:10:42,41,16.666667
-81.8115523,26.63291532,0,Skydio X10,Drone / UAV,60,340.8,2026-09-28 13:10:43,42,16.666667
-81.81158929,26.63301609,0,Skydio X10,Drone / UAV,60,341.83,2026-09-28 13:10:44,43,16.666667
-81.81161438,26.63314063,0,Skydio X10,Drone / UAV,60,349.79,2026-09-28 13:10:45,44,16.666667
-81.81163973,26.63326508,0,Skydio X10,Drone / UAV,60,349.68,2026-09-28 13:10:46,45,16.666667
-81.81166494,26.63338958,0,Skydio X10,Drone / UAV,60,349.74,2026-09-28 13:10:47,46,16.666667
-81.81169016,26.63351407,0,Skydio X10,Drone / UAV,60,349.74,2026-09-28 13:10:48,47,16.666667
-81.81171538,26.63364258,0,Skydio X10,Drone / UAV,60,350.05,2026-09-28 13:10:49,48,16.666667
-81.8117406,26.63376708,0,Skydio X10,Drone / UAV,60,349.74,2026-09-28 13:10:50,49,16.666667
-81.81179103,26.63388625,0,Skydio X10,Drone / UAV,60,339.28,2026-09-28 13:10:51,50,16.666667
-81.81181625,26.63401075,0,Skydio X10,Drone / UAV,60,349.74,2026-09-28 13:10:52,51,16.666667
-81.81182573,26.63414107,0,Skydio X10,Drone / UAV,60,356.28,2026-09-28 13:10:53,52,16.666667
-81.81184147,26.63426907,0,Skydio X10,Drone / UAV,60,353.73,2026-09-28 13:10:54,53,16.666667
-81.81186669,26.63439357,0,Skydio X10,Drone / UAV,60,349.74,2026-09-28 13:10:55,54,16.666667
-81.81189191,26.63452374,0,Skydio X10,Drone / UAV,60,350.18,2026-09-28 13:10:56,55,16.666667
-81.81192228,26.63463312,0,Skydio X10,Drone / UAV,60,346.06,2026-09-28 13:10:57,56,16.666667
-81.81194234,26.63475953,0,Skydio X10,Drone / UAV,60,351.92,2026-09-28 13:10:58,57,16.666667
-81.81195079,26.63489158,0,Skydio X10,Drone / UAV,60,356.73,2026-09-28 13:10:59,58,16.666667
-81.81199278,26.63501253,0,Skydio X10,Drone / UAV,60,342.76,2026-09-28 13:11:00,59,16.666667
-81.81201012,26.63513994,0,Skydio X10,Drone / UAV,60,353.06,2026-09-28 13:11:01,60,16.666667
-81.812018,26.63527085,0,Skydio X10,Drone / UAV,60,356.92,2026-09-28 13:11:02,61,16.666667
-81.812018,26.63540469,0,Skydio X10,Drone / UAV,60,0,2026-09-28 13:11:03,62,16.666667
-81.812018,26.63553852,0,Skydio X10,Drone / UAV,60,0,2026-09-28 13:11:04,63,16.666667
-81.812018,26.63567235,0,Skydio X10,Drone / UAV,60,0,2026-09-28 13:11:05,64,16.666667
-81.812018,26.63580618,0,Skydio X10,Drone / UAV,60,0,2026-09-28 13:11:06,65,16.666667
-81.81202003,26.63593958,0,Skydio X10,Drone / UAV,60,359.22,2026-09-28 13:11:07,66,16.666667
-81.81206843,26.63604597,0,Skydio X10,Drone / UAV,60,337.87,2026-09-28 13:11:08,67,16.666667
-81.81210824,26.63615186,0,Skydio X10,Drone / UAV,60,341.43,2026-09-28 13:11:09,68,16.666667
-81.8121693,26.63624988,0,Skydio X10,Drone / UAV,60,330.89,2026-09-28 13:11:10,69,16.666667
-81.8122163,26.6363417,0,Skydio X10,Drone / UAV,60,335.41,2026-09-28 13:11:11,70,16.666667
-81.81226968,26.63645396,0,Skydio X10,Drone / UAV,60,336.97,2026-09-28 13:11:12,71,16.666667
-81.81231161,26.63655906,0,Skydio X10,Drone / UAV,60,340.37,2026-09-28 13:11:13,72,16.666667
-81.81237105,26.63665768,0,Skydio X10,Drone / UAV,60,331.69,2026-09-28 13:11:14,73,16.666667
-81.81239627,26.63676897,0,Skydio X10,Drone / UAV,60,348.55,2026-09-28 13:11:15,74,16.666667
-81.81244783,26.6368837,0,Skydio X10,Drone / UAV,60,338.11,2026-09-28 13:11:16,75,16.666667
-81.81251804,26.63699154,0,Skydio X10,Drone / UAV,60,329.8,2026-09-28 13:11:17,76,16.666667
-81.81254757,26.63710123,0,Skydio X10,Drone / UAV,60,346.47,2026-09-28 13:11:18,77,16.666667
-81.8125945,26.63721768,0,Skydio X10,Drone / UAV,60,340.19,2026-09-28 13:11:19,78,16.666667
-81.81262323,26.63732767,0,Skydio X10,Drone / UAV,60,346.86,2026-09-28 13:11:20,79,16.666667
-81.81265141,26.63745153,0,Skydio X10,Drone / UAV,60,348.5,2026-09-28 13:11:21,80,16.666667
-81.81267366,26.63758067,0,Skydio X10,Drone / UAV,60,351.24,2026-09-28 13:11:22,81,16.666667
-81.81271074,26.63770478,0,Skydio X10,Drone / UAV,60,345.05,2026-09-28 13:11:23,82,16.666667
-81.81274932,26.63781112,0,Skydio X10,Drone / UAV,60,342.03,2026-09-28 13:11:24,83,16.666667
-81.81272926,26.63790167,0,Skydio X10,Drone / UAV,60,11.2,2026-09-28 13:11:25,84,16.666667
-81.81262339,26.63780704,0,Skydio X10,Drone / UAV,60,135,2026-09-28 13:11:26,85,16.666667
-81.81258885,26.63792778,0,Skydio X10,Drone / UAV,60,14.34,2026-09-28 13:11:27,86,16.666667
-81.81257215,26.63805542,0,Skydio X10,Drone / UAV,60,6.67,2026-09-28 13:11:28,87,16.666667
-81.81254757,26.63818015,0,Skydio X10,Drone / UAV,60,9.99,2026-09-28 13:11:29,88,16.666667
-81.81254757,26.63831398,0,Skydio X10,Drone / UAV,60,0,2026-09-28 13:11:30,89,16.666667
-81.81252236,26.63842527,0,Skydio X10,Drone / UAV,60,11.45,2026-09-28 13:11:31,90,16.666667
-81.81251576,26.63855665,0,Skydio X10,Drone / UAV,60,2.57,2026-09-28 13:11:32,91,16.666667
-81.81247192,26.63867826,0,Skydio X10,Drone / UAV,60,17.86,2026-09-28 13:11:33,92,16.666667
-81.8124467,26.63880275,0,Skydio X10,Drone / UAV,60,10.26,2026-09-28 13:11:34,93,16.666667
-81.81242148,26.63892724,0,Skydio X10,Drone / UAV,60,10.26,2026-09-28 13:11:35,94,16.666667
-81.81237105,26.63901599,0,Skydio X10,Drone / UAV,60,26.93,2026-09-28 13:11:36,95,16.666667
-81.81237105,26.63914981,0,Skydio X10,Drone / UAV,60,0,2026-09-28 13:11:37,96,16.666667
-81.81234583,26.6392743,0,Skydio X10,Drone / UAV,60,10.26,2026-09-28 13:11:38,97,16.666667
-81.81234583,26.63940813,0,Skydio X10,Drone / UAV,60,0,2026-09-28 13:11:39,98,16.666667
-81.81232061,26.63953262,0,Skydio X10,Drone / UAV,60,10.26,2026-09-28 13:11:40,99,16.666667
-81.81232061,26.63966644,0,Skydio X10,Drone / UAV,60,0,2026-09-28 13:11:41,100,16.666667
-81.81229539,26.63977773,0,Skydio X10,Drone / UAV,60,11.45,2026-09-28 13:11:42,101,16.666667
-81.81229539,26.63991155,0,Skydio X10,Drone / UAV,60,0,2026-09-28 13:11:43,102,16.666667
-81.81227018,26.64003604,0,Skydio X10,Drone / UAV,60,10.26,2026-09-28 13:11:44,103,16.666667
-81.81227018,26.64016987,0,Skydio X10,Drone / UAV,60,0,2026-09-28 13:11:45,104,16.666667
-81.81227018,26.64030369,0,Skydio X10,Drone / UAV,60,0,2026-09-28 13:11:46,105,16.666667
-81.81227018,26.64043752,0,Skydio X10,Drone / UAV,60,0,2026-09-28 13:11:47,106,16.666667
-81.81227018,26.64057134,0,Skydio X10,Drone / UAV,60,0,2026-09-28 13:11:48,107,16.666667
-81.81227018,26.64070517,0,Skydio X10,Drone / UAV,60,0,2026-09-28 13:11:49,108,16.666667
-81.81227018,26.64083899,0,Skydio X10,Drone / UAV,60,0,2026-09-28 13:11:50,109,16.666667
-81.81227018,26.64097281,0,Skydio X10,Drone / UAV,60,0,2026-09-28 13:11:51,110,16.666667
-81.81227018,26.64110664,0,Skydio X10,Drone / UAV,60,0,2026-09-28 13:11:52,111,16.666667
-81.81227018,26.64124046,0,Skydio X10,Drone / UAV,60,0,2026-09-28 13:11:53,112,16.666667
-81.81226549,26.64137255,0,Skydio X10,Drone / UAV,60,1.82,2026-09-28 13:11:54,113,16.666667
-81.81224496,26.64149877,0,Skydio X10,Drone / UAV,60,8.27,2026-09-28 13:11:55,114,16.666667
-81.81224496,26.6416326,0,Skydio X10,Drone / UAV,60,0,2026-09-28 13:11:56,115,16.666667
-81.81224496,26.64176642,0,Skydio X10,Drone / UAV,60,0,2026-09-28 13:11:57,116,16.666667
-81.81224496,26.64190024,0,Skydio X10,Drone / UAV,60,0,2026-09-28 13:11:58,117,16.666667
-81.81224496,26.64203407,0,Skydio X10,Drone / UAV,60,0,2026-09-28 13:11:59,118,16.666667
-81.81224496,26.64216789,0,Skydio X10,Drone / UAV,60,0,2026-09-28 13:12:00,119,16.666667
-81.81224496,26.64230171,0,Skydio X10,Drone / UAV,60,0,2026-09-28 13:12:01,120,16.666667
-81.81224496,26.64243553,0,Skydio X10,Drone / UAV,60,0,2026-09-28 13:12:02,121,16.666667
-81.81223051,26.64256631,0,Skydio X10,Drone / UAV,60,5.64,2026-09-28 13:12:03,122,16.666667
-81.81219452,26.64268852,0,Skydio X10,Drone / UAV,60,14.74,2026-09-28 13:12:04,123,16.666667
-81.8121693,26.64281301,0,Skydio X10,Drone / UAV,60,10.26,2026-09-28 13:12:05,124,16.666667
-81.81214409,26.64293749,0,Skydio X10,Drone / UAV,60,10.26,2026-09-28 13:12:06,125,16.666667
-81.81211543,26.6430589,0,Skydio X10,Drone / UAV,60,11.91,2026-09-28 13:12:07,126,16.666667
-81.81206658,26.64314906,0,Skydio X10,Drone / UAV,60,25.84,2026-09-28 13:12:08,127,16.666667
-81.81199278,26.64321692,0,Skydio X10,Drone / UAV,60,44.19,2026-09-28 13:12:09,128,16.666667
-81.81191845,26.6432843,0,Skydio X10,Drone / UAV,60,44.59,2026-09-28 13:12:10,129,16.666667
-81.81184438,26.64335192,0,Skydio X10,Drone / UAV,60,44.39,2026-09-28 13:12:11,130,16.666667
-81.81177032,26.64341955,0,Skydio X10,Drone / UAV,60,44.39,2026-09-28 13:12:12,131,16.666667
-81.81169016,26.64348172,0,Skydio X10,Drone / UAV,60,49.05,2026-09-28 13:12:13,132,16.666667
-81.81157175,26.64350971,0,Skydio X10,Drone / UAV,60,75.19,2026-09-28 13:12:14,133,16.666667
-81.81142203,26.64350971,0,Skydio X10,Drone / UAV,60,90,2026-09-28 13:12:15,134,16.666667
-81.81131189,26.64346113,0,Skydio X10,Drone / UAV,60,116.27,2026-09-28 13:12:16,135,16.666667
-81.81123624,26.64339492,0,Skydio X10,Drone / UAV,60,134.39,2026-09-28 13:12:17,136,16.666667
-81.81115985,26.64332938,0,Skydio X10,Drone / UAV,60,133.83,2026-09-28 13:12:18,137,16.666667
-81.81109623,26.64323922,0,Skydio X10,Drone / UAV,60,147.76,2026-09-28 13:12:19,138,16.666667
-81.81108493,26.6431155,0,Skydio X10,Drone / UAV,60,175.33,2026-09-28 13:12:20,139,16.666667
-81.81108493,26.64298168,0,Skydio X10,Drone / UAV,60,180,2026-09-28 13:12:21,140,16.666667
-81.81108493,26.64284785,0,Skydio X10,Drone / UAV,60,180,2026-09-28 13:12:22,141,16.666667
-81.81108493,26.64271403,0,Skydio X10,Drone / UAV,60,180,2026-09-28 13:12:23,142,16.666667
-81.81108493,26.64258021,0,Skydio X10,Drone / UAV,60,180,2026-09-28 13:12:24,143,16.666667
-81.81113976,26.64249539,0,Skydio X10,Drone / UAV,60,210.02,2026-09-28 13:12:25,144,16.666667
-81.81121102,26.64242527,0,Skydio X10,Drone / UAV,60,222.25,2026-09-28 13:12:26,145,16.666667
-81.81128667,26.64235907,0,Skydio X10,Drone / UAV,60,225.61,2026-09-28 13:12:27,146,16.666667
-81.81136233,26.64229287,0,Skydio X10,Drone / UAV,60,225.61,2026-09-28 13:12:28,147,16.666667
-81.81146123,26.64224745,0,Skydio X10,Drone / UAV,60,242.81,2026-09-28 13:12:29,148,16.666667
-81.81158574,26.64222491,0,Skydio X10,Drone / UAV,60,258.55,2026-09-28 13:12:30,149,16.666667
-81.81170428,26.64226999,0,Skydio X10,Drone / UAV,60,293.05,2026-09-28 13:12:31,150,16.666667
-81.81179103,26.64233947,0,Skydio X10,Drone / UAV,60,311.86,2026-09-28 13:12:32,151,16.666667
-81.81184197,26.64242777,0,Skydio X10,Drone / UAV,60,332.72,2026-09-28 13:12:33,152,16.666667
-81.81189191,26.64251696,0,Skydio X10,Drone / UAV,60,333.41,2026-09-28 13:12:34,153,16.666667
-81.81194234,26.6426057,0,Skydio X10,Drone / UAV,60,333.07,2026-09-28 13:12:35,154,16.666667
-81.81196756,26.64271698,0,Skydio X10,Drone / UAV,60,348.55,2026-09-28 13:12:36,155,16.666667
-81.81199278,26.64284147,0,Skydio X10,Drone / UAV,60,349.74,2026-09-28 13:12:37,156,16.666667
-81.81204321,26.64294341,0,Skydio X10,Drone / UAV,60,336.14,2026-09-28 13:12:38,157,16.666667
-81.81204321,26.64307723,0,Skydio X10,Drone / UAV,60,0,2026-09-28 13:12:39,158,16.666667
-81.812018,26.64318851,0,Skydio X10,Drone / UAV,60,11.45,2026-09-28 13:12:40,159,16.666667
-81.81196756,26.64327726,0,Skydio X10,Drone / UAV,60,26.93,2026-09-28 13:12:41,160,16.666667
-81.81189191,26.64334346,0,Skydio X10,Drone / UAV,60,45.61,2026-09-28 13:12:42,161,16.666667
-81.81179103,26.64338712,0,Skydio X10,Drone / UAV,60,64.16,2026-09-28 13:12:43,162,16.666667
-81.81170281,26.64344209,0,Skydio X10,Drone / UAV,60,55.12,2026-09-28 13:12:44,163,16.666667
-81.81157831,26.64346463,0,Skydio X10,Drone / UAV,60,78.55,2026-09-28 13:12:45,164,16.666667
-81.81142859,26.64346463,0,Skydio X10,Drone / UAV,60,90,2026-09-28 13:12:46,165,16.666667
-81.81127887,26.64346463,0,Skydio X10,Drone / UAV,60,90,2026-09-28 13:12:47,166,16.666667
-81.81116058,26.64339291,0,Skydio X10,Drone / UAV,60,124.15,2026-09-28 13:12:48,167,16.666667
-81.81111015,26.64329096,0,Skydio X10,Drone / UAV,60,156.14,2026-09-28 13:12:49,168,16.666667
-81.81108493,26.64317968,0,Skydio X10,Drone / UAV,60,168.55,2026-09-28 13:12:50,169,16.666667
-81.81105971,26.6430684,0,Skydio X10,Drone / UAV,60,168.55,2026-09-28 13:12:51,170,16.666667
-81.81105971,26.64293458,0,Skydio X10,Drone / UAV,60,180,2026-09-28 13:12:52,171,16.666667
-81.81105971,26.64280076,0,Skydio X10,Drone / UAV,60,180,2026-09-28 13:12:53,172,16.666667
-81.81105971,26.64266693,0,Skydio X10,Drone / UAV,60,180,2026-09-28 13:12:54,173,16.666667
-81.81108493,26.64254245,0,Skydio X10,Drone / UAV,60,190.26,2026-09-28 13:12:55,174,16.666667
-81.81113537,26.6424405,0,Skydio X10,Drone / UAV,60,203.86,2026-09-28 13:12:56,175,16.666667
-81.8111858,26.64235176,0,Skydio X10,Drone / UAV,60,206.93,2026-09-28 13:12:57,176,16.666667
-81.81125881,26.64226999,0,Skydio X10,Drone / UAV,60,218.59,2026-09-28 13:12:58,177,16.666667
-81.81134764,26.64220237,0,Skydio X10,Drone / UAV,60,229.58,2026-09-28 13:12:59,178,16.666667
-81.81149736,26.64220237,0,Skydio X10,Drone / UAV,60,270,2026-09-28 13:13:00,179,16.666667
-81.81164708,26.64220237,0,Skydio X10,Drone / UAV,60,270,2026-09-28 13:13:01,180,16.666667
-81.81174637,26.64224745,0,Skydio X10,Drone / UAV,60,296.93,2026-09-28 13:13:02,181,16.666667
-81.81181625,26.64233201,0,Skydio X10,Drone / UAV,60,323.55,2026-09-28 13:13:03,182,16.666667
-81.81189191,26.64239821,0,Skydio X10,Drone / UAV,60,314.39,2026-09-28 13:13:04,183,16.666667
-81.81194767,26.64249539,0,Skydio X10,Drone / UAV,60,332.85,2026-09-28 13:13:05,184,16.666667
-81.81199278,26.64258889,0,Skydio X10,Drone / UAV,60,336.67,2026-09-28 13:13:06,185,16.666667
-81.81204321,26.64267764,0,Skydio X10,Drone / UAV,60,333.07,2026-09-28 13:13:07,186,16.666667
-81.81206883,26.64278877,0,Skydio X10,Drone / UAV,60,348.36,2026-09-28 13:13:08,187,16.666667
-81.81209365,26.6429134,0,Skydio X10,Drone / UAV,60,349.91,2026-09-28 13:13:09,188,16.666667
-81.81209365,26.64304723,0,Skydio X10,Drone / UAV,60,0,2026-09-28 13:13:10,189,16.666667
-81.81206843,26.64315851,0,Skydio X10,Drone / UAV,60,11.45,2026-09-28 13:13:11,190,16.666667
-81.81199425,26.64323922,0,Skydio X10,Drone / UAV,60,39.4,2026-09-28 13:13:12,191,16.666667
-81.81192018,26.64330684,0,Skydio X10,Drone / UAV,60,44.39,2026-09-28 13:13:13,192,16.666667
-81.81184612,26.64337446,0,Skydio X10,Drone / UAV,60,44.39,2026-09-28 13:13:14,193,16.666667
-81.81177205,26.64344209,0,Skydio X10,Drone / UAV,60,44.39,2026-09-28 13:13:15,194,16.666667
-81.81166494,26.64348017,0,Skydio X10,Drone / UAV,60,68.3,2026-09-28 13:13:16,195,16.666667
-81.81152305,26.64348717,0,Skydio X10,Drone / UAV,60,86.84,2026-09-28 13:13:17,196,16.666667
-81.81144898,26.64341955,0,Skydio X10,Drone / UAV,60,135.61,2026-09-28 13:13:18,197,16.666667
-81.81136233,26.64336318,0,Skydio X10,Drone / UAV,60,126.05,2026-09-28 13:13:19,198,16.666667
-81.81128667,26.64328377,0,Skydio X10,Drone / UAV,60,139.58,2026-09-28 13:13:20,199,16.666667
-81.81123624,26.64319503,0,Skydio X10,Drone / UAV,60,153.07,2026-09-28 13:13:21,200,16.666667
-81.8111858,26.64309309,0,Skydio X10,Drone / UAV,60,156.14,2026-09-28 13:13:22,201,16.666667
-81.81116058,26.6429818,0,Skydio X10,Drone / UAV,60,168.55,2026-09-28 13:13:23,202,16.666667
-81.81113537,26.64287052,0,Skydio X10,Drone / UAV,60,168.55,2026-09-28 13:13:24,203,16.666667
-81.81108493,26.64278178,0,Skydio X10,Drone / UAV,60,153.07,2026-09-28 13:13:25,204,16.666667
-81.81108493,26.64264796,0,Skydio X10,Drone / UAV,60,180,2026-09-28 13:13:26,205,16.666667
-81.81111015,26.64253668,0,Skydio X10,Drone / UAV,60,191.45,2026-09-28 13:13:27,206,16.666667
-81.81113537,26.6424254,0,Skydio X10,Drone / UAV,60,191.45,2026-09-28 13:13:28,207,16.666667
-81.81121102,26.64233279,0,Skydio X10,Drone / UAV,60,216.14,2026-09-28 13:13:29,208,16.666667
-81.81128198,26.64225164,0,Skydio X10,Drone / UAV,60,218.01,2026-09-28 13:13:30,209,16.666667
-81.81138755,26.64219652,0,Skydio X10,Drone / UAV,60,239.71,2026-09-28 13:13:31,210,16.666667
-81.81149337,26.64215729,0,Skydio X10,Drone / UAV,60,247.47,2026-09-28 13:13:32,211,16.666667
-81.81159266,26.6421122,0,Skydio X10,Drone / UAV,60,243.07,2026-09-28 13:13:33,212,16.666667
-81.81171716,26.64213475,0,Skydio X10,Drone / UAV,60,281.45,2026-09-28 13:13:34,213,16.666667
-81.81181625,26.6421932,0,Skydio X10,Drone / UAV,60,303.42,2026-09-28 13:13:35,214,16.666667
-81.81189191,26.6422726,0,Skydio X10,Drone / UAV,60,319.58,2026-09-28 13:13:36,215,16.666667
-81.81194368,26.64236015,0,Skydio X10,Drone / UAV,60,332.14,2026-09-28 13:13:37,216,16.666667
-81.81199278,26.64245009,0,Skydio X10,Drone / UAV,60,333.99,2026-09-28 13:13:38,217,16.666667
-81.81205975,26.64253271,0,Skydio X10,Drone / UAV,60,324.08,2026-09-28 13:13:39,218,16.666667
-81.81211887,26.64263144,0,Skydio X10,Drone / UAV,60,331.84,2026-09-28 13:13:40,219,16.666667
-81.8121693,26.64274659,0,Skydio X10,Drone / UAV,60,338.62,2026-09-28 13:13:41,220,16.666667
-81.8121693,26.64288041,0,Skydio X10,Drone / UAV,60,0,2026-09-28 13:13:42,221,16.666667
-81.81219452,26.64299169,0,Skydio X10,Drone / UAV,60,348.55,2026-09-28 13:13:43,222,16.666667
-81.8121693,26.64310297,0,Skydio X10,Drone / UAV,60,11.45,2026-09-28 13:13:44,223,16.666667
-81.8120999,26.6432111,0,Skydio X10,Drone / UAV,60,29.84,2026-09-28 13:13:45,224,16.666667
-81.81202231,26.64330299,0,Skydio X10,Drone / UAV,60,37.04,2026-09-28 13:13:46,225,16.666667
-81.81191712,26.64335825,0,Skydio X10,Drone / UAV,60,59.55,2026-09-28 13:13:47,226,16.666667
-81.81181975,26.64341642,0,Skydio X10,Drone / UAV,60,56.25,2026-09-28 13:13:48,227,16.666667
-81.8116967,26.64344209,0,Skydio X10,Drone / UAV,60,76.86,2026-09-28 13:13:49,228,16.666667
-81.81154698,26.64344209,0,Skydio X10,Drone / UAV,60,90,2026-09-28 13:13:50,229,16.666667
-81.81139727,26.64344209,0,Skydio X10,Drone / UAV,60,90,2026-09-28 13:13:51,230,16.666667
-81.81129798,26.643397,0,Skydio X10,Drone / UAV,60,116.93,2026-09-28 13:13:52,231,16.666667
-81.81121102,26.64334091,0,Skydio X10,Drone / UAV,60,125.82,2026-09-28 13:13:53,232,16.666667
-81.81112778,26.64327752,0,Skydio X10,Drone / UAV,60,130.43,2026-09-28 13:13:54,233,16.666667
-81.81105971,26.64319531,0,Skydio X10,Drone / UAV,60,143.5,2026-09-28 13:13:55,234,16.666667
-81.81098406,26.6431159,0,Skydio X10,Drone / UAV,60,139.58,2026-09-28 13:13:56,235,16.666667
-81.81095884,26.64300462,0,Skydio X10,Drone / UAV,60,168.55,2026-09-28 13:13:57,236,16.666667
-81.81095884,26.6428708,0,Skydio X10,Drone / UAV,60,180,2026-09-28 13:13:58,237,16.666667
-81.81095884,26.64273698,0,Skydio X10,Drone / UAV,60,180,2026-09-28 13:13:59,238,16.666667
-81.81100436,26.64263063,0,Skydio X10,Drone / UAV,60,200.94,2026-09-28 13:14:00,239,16.666667
-81.81104773,26.64252865,0,Skydio X10,Drone / UAV,60,200.81,2026-09-28 13:14:01,240,16.666667
-81.81111487,26.64244609,0,Skydio X10,Drone / UAV,60,216.02,2026-09-28 13:14:02,241,16.666667
-81.81118045,26.64236015,0,Skydio X10,Drone / UAV,60,214.29,2026-09-28 13:14:03,242,16.666667
-81.81126928,26.64229253,0,Skydio X10,Drone / UAV,60,229.58,2026-09-28 13:14:04,243,16.666667
-81.81136233,26.64224187,0,Skydio X10,Drone / UAV,60,238.66,2026-09-28 13:14:05,244,16.666667
-81.8114574,26.64217983,0,Skydio X10,Drone / UAV,60,233.87,2026-09-28 13:14:06,245,16.666667
-81.81160712,26.64217983,0,Skydio X10,Drone / UAV,60,270,2026-09-28 13:14:07,246,16.666667
-81.81175684,26.64217983,0,Skydio X10,Drone / UAV,60,270,2026-09-28 13:14:08,247,16.666667
-81.81184445,26.64225011,0,Skydio X10,Drone / UAV,60,311.91,2026-09-28 13:14:09,248,16.666667
-81.81194234,26.64232128,0,Skydio X10,Drone / UAV,60,309.12,2026-09-28 13:14:10,249,16.666667
-81.81197292,26.64242777,0,Skydio X10,Drone / UAV,60,345.61,2026-09-28 13:14:11,250,16.666667
-81.81202177,26.64251793,0,Skydio X10,Drone / UAV,60,334.16,2026-09-28 13:14:12,251,16.666667
-81.81206843,26.64262325,0,Skydio X10,Drone / UAV,60,338.39,2026-09-28 13:14:13,252,16.666667
-81.81209857,26.64274334,0,Skydio X10,Drone / UAV,60,347.36,2026-09-28 13:14:14,253,16.666667
-81.81211887,26.64285901,0,Skydio X10,Drone / UAV,60,351.09,2026-09-28 13:14:15,254,16.666667
-81.81211887,26.64299284,0,Skydio X10,Drone / UAV,60,0,2026-09-28 13:14:16,255,16.666667
-81.81211887,26.64312666,0,Skydio X10,Drone / UAV,60,0,2026-09-28 13:14:17,256,16.666667
-81.81209365,26.64323794,0,Skydio X10,Drone / UAV,60,11.45,2026-09-28 13:14:18,257,16.666667
-81.81202102,26.64330684,0,Skydio X10,Drone / UAV,60,43.29,2026-09-28 13:14:19,258,16.666667
-81.81194696,26.64337446,0,Skydio X10,Drone / UAV,60,44.39,2026-09-28 13:14:20,259,16.666667
-81.81184767,26.64341955,0,Skydio X10,Drone / UAV,60,63.07,2026-09-28 13:14:21,260,16.666667
-81.8117406,26.64345766,0,Skydio X10,Drone / UAV,60,68.28,2026-09-28 13:14:22,261,16.666667
-81.81159867,26.64346463,0,Skydio X10,Drone / UAV,60,86.86,2026-09-28 13:14:23,262,16.666667
-81.8114632,26.64343869,0,Skydio X10,Drone / UAV,60,102.09,2026-09-28 13:14:24,263,16.666667
-81.81136233,26.64339502,0,Skydio X10,Drone / UAV,60,115.84,2026-09-28 13:14:25,264,16.666667
-81.81126146,26.64335136,0,Skydio X10,Drone / UAV,60,115.84,2026-09-28 13:14:26,265,16.666667
-81.81117199,26.6432843,0,Skydio X10,Drone / UAV,60,129.98,2026-09-28 13:14:27,266,16.666667
-81.81108316,26.64321668,0,Skydio X10,Drone / UAV,60,130.42,2026-09-28 13:14:28,267,16.666667
-81.81098406,26.64315823,0,Skydio X10,Drone / UAV,60,123.42,2026-09-28 13:14:29,268,16.666667
-81.81095884,26.64304695,0,Skydio X10,Drone / UAV,60,168.55,2026-09-28 13:14:30,269,16.666667
-81.81095884,26.64291313,0,Skydio X10,Drone / UAV,60,180,2026-09-28 13:14:31,270,16.666667
-81.81095884,26.64277931,0,Skydio X10,Drone / UAV,60,180,2026-09-28 13:14:32,271,16.666667
-81.81098406,26.64266802,0,Skydio X10,Drone / UAV,60,191.45,2026-09-28 13:14:33,272,16.666667
-81.81103449,26.64256608,0,Skydio X10,Drone / UAV,60,203.86,2026-09-28 13:14:34,273,16.666667
-81.81108493,26.64247734,0,Skydio X10,Drone / UAV,60,206.93,2026-09-28 13:14:35,274,16.666667
-81.81112876,26.64238269,0,Skydio X10,Drone / UAV,60,202.48,2026-09-28 13:14:36,275,16.666667
-81.81116058,26.64227731,0,Skydio X10,Drone / UAV,60,195.11,2026-09-28 13:14:37,276,16.666667
-81.8111858,26.64216603,0,Skydio X10,Drone / UAV,60,191.45,2026-09-28 13:14:38,277,16.666667
-81.81126146,26.64212458,0,Skydio X10,Drone / UAV,60,238.49,2026-09-28 13:14:39,278,16.666667
-81.81124284,26.64213803,0,Skydio X10,Drone / UAV,60,51.05,2026-09-28 13:14:40,279,16.666667
-81.81121845,26.64214028,0,Skydio X10,Drone / UAV,60,84.09,2026-09-28 13:14:41,280,16.666667
-81.81122169,26.64213364,0,Skydio X10,Drone / UAV,60,203.49,2026-09-28 13:14:42,281,16.666667
-81.81123701,26.64213183,0,Skydio X10,Drone / UAV,60,262.48,2026-09-28 13:14:43,282,16.666667
-81.81124494,26.64206232,0,Skydio X10,Drone / UAV,60,185.82,2026-09-28 13:14:44,283,16.666667
-81.81125988,26.64192965,0,Skydio X10,Drone / UAV,60,185.75,2026-09-28 13:14:45,284,16.666667
-81.81125988,26.64179582,0,Skydio X10,Drone / UAV,60,180,2026-09-28 13:14:46,285,16.666667
-81.81125988,26.641662,0,Skydio X10,Drone / UAV,60,180,2026-09-28 13:14:47,286,16.666667
-81.81125988,26.64152818,0,Skydio X10,Drone / UAV,60,180,2026-09-28 13:14:48,287,16.666667
-81.81125988,26.64139435,0,Skydio X10,Drone / UAV,60,180,2026-09-28 13:14:49,288,16.666667
-81.81125988,26.64126053,0,Skydio X10,Drone / UAV,60,180,2026-09-28 13:14:50,289,16.666667
-81.81122048,26.64114129,0,Skydio X10,Drone / UAV,60,163.54,2026-09-28 13:14:51,290,16.666667
-81.81122048,26.64100747,0,Skydio X10,Drone / UAV,60,180,2026-09-28 13:14:52,291,16.666667
-81.81118107,26.64088823,0,Skydio X10,Drone / UAV,60,163.54,2026-09-28 13:14:53,292,16.666667
-81.81118107,26.64075441,0,Skydio X10,Drone / UAV,60,180,2026-09-28 13:14:54,293,16.666667
-81.81116013,26.64062834,0,Skydio X10,Drone / UAV,60,171.55,2026-09-28 13:14:55,294,16.666667
-81.81114167,26.64050135,0,Skydio X10,Drone / UAV,60,172.6,2026-09-28 13:14:56,295,16.666667
-81.81110227,26.64038211,0,Skydio X10,Drone / UAV,60,163.54,2026-09-28 13:14:57,296,16.666667
-81.81110227,26.64024829,0,Skydio X10,Drone / UAV,60,180,2026-09-28 13:14:58,297,16.666667
-81.811071,26.64012604,0,Skydio X10,Drone / UAV,60,167.12,2026-09-28 13:14:59,298,16.666667
-81.81106286,26.63999523,0,Skydio X10,Drone / UAV,60,176.82,2026-09-28 13:15:00,299,16.666667
-81.81106286,26.6398614,0,Skydio X10,Drone / UAV,60,180,2026-09-28 13:15:01,300,16.666667
-81.81102346,26.6397628,0,Skydio X10,Drone / UAV,60,160.34,2026-09-28 13:15:02,301,16.666667
-81.81102346,26.63962897,0,Skydio X10,Drone / UAV,60,180,2026-09-28 13:15:03,302,16.666667
-81.81099563,26.63952002,0,Skydio X10,Drone / UAV,60,167.14,2026-09-28 13:15:04,303,16.666667
-81.81094466,26.63941113,0,Skydio X10,Drone / UAV,60,157.29,2026-09-28 13:15:05,304,16.666667
-81.81094466,26.6392773,0,Skydio X10,Drone / UAV,60,180,2026-09-28 13:15:06,305,16.666667
-81.81090525,26.63915806,0,Skydio X10,Drone / UAV,60,163.54,2026-09-28 13:15:07,306,16.666667
-81.81090525,26.63902424,0,Skydio X10,Drone / UAV,60,180,2026-09-28 13:15:08,307,16.666667
-81.81086941,26.63889561,0,Skydio X10,Drone / UAV,60,166.01,2026-09-28 13:15:09,308,16.666667
-81.81084561,26.63878039,0,Skydio X10,Drone / UAV,60,169.54,2026-09-28 13:15:10,309,16.666667
-81.81082645,26.63866369,0,Skydio X10,Drone / UAV,60,171.65,2026-09-28 13:15:11,310,16.666667
-81.81082645,26.63852987,0,Skydio X10,Drone / UAV,60,180,2026-09-28 13:15:12,311,16.666667
-81.81082645,26.63839604,0,Skydio X10,Drone / UAV,60,180,2026-09-28 13:15:13,312,16.666667
-81.81078704,26.6382768,0,Skydio X10,Drone / UAV,60,163.54,2026-09-28 13:15:14,313,16.666667
-81.81078704,26.63814297,0,Skydio X10,Drone / UAV,60,180,2026-09-28 13:15:15,314,16.666667
-81.81078704,26.63800915,0,Skydio X10,Drone / UAV,60,180,2026-09-28 13:15:16,315,16.666667
-81.81073976,26.63789283,0,Skydio X10,Drone / UAV,60,160.03,2026-09-28 13:15:17,316,16.666667
-81.81070824,26.63777067,0,Skydio X10,Drone / UAV,60,167.01,2026-09-28 13:15:18,317,16.666667
-81.81070824,26.63763684,0,Skydio X10,Drone / UAV,60,180,2026-09-28 13:15:19,318,16.666667
-81.81069769,26.63751245,0,Skydio X10,Drone / UAV,60,175.66,2026-09-28 13:15:20,319,16.666667
-81.81066883,26.63740441,0,Skydio X10,Drone / UAV,60,166.57,2026-09-28 13:15:21,320,16.666667
-81.81066883,26.63727058,0,Skydio X10,Drone / UAV,60,180,2026-09-28 13:15:22,321,16.666667
-81.81063946,26.63714295,0,Skydio X10,Drone / UAV,60,168.38,2026-09-28 13:15:23,322,16.666667
-81.81062943,26.63701123,0,Skydio X10,Drone / UAV,60,176.11,2026-09-28 13:15:24,323,16.666667
-81.81059003,26.636892,0,Skydio X10,Drone / UAV,60,163.54,2026-09-28 13:15:25,324,16.666667
-81.81059003,26.63675817,0,Skydio X10,Drone / UAV,60,180,2026-09-28 13:15:26,325,16.666667
-81.81055099,26.63663257,0,Skydio X10,Drone / UAV,60,164.47,2026-09-28 13:15:27,326,16.666667
-81.81055062,26.63649882,0,Skydio X10,Drone / UAV,60,179.86,2026-09-28 13:15:28,327,16.666667
-81.81055062,26.63636499,0,Skydio X10,Drone / UAV,60,180,2026-09-28 13:15:29,328,16.666667
-81.81055062,26.63623116,0,Skydio X10,Drone / UAV,60,180,2026-09-28 13:15:30,329,16.666667
-81.81051122,26.63611192,0,Skydio X10,Drone / UAV,60,163.54,2026-09-28 13:15:31,330,16.666667
-81.81051122,26.63597809,0,Skydio X10,Drone / UAV,60,180,2026-09-28 13:15:32,331,16.666667
-81.81051122,26.63584426,0,Skydio X10,Drone / UAV,60,180,2026-09-28 13:15:33,332,16.666667
-81.81047182,26.63572502,0,Skydio X10,Drone / UAV,60,163.54,2026-09-28 13:15:34,333,16.666667
-81.81043241,26.63560578,0,Skydio X10,Drone / UAV,60,163.54,2026-09-28 13:15:35,334,16.666667
-81.81043241,26.63547195,0,Skydio X10,Drone / UAV,60,180,2026-09-28 13:15:36,335,16.666667
-81.81043241,26.63533812,0,Skydio X10,Drone / UAV,60,180,2026-09-28 13:15:37,336,16.666667
-81.81043241,26.63520429,0,Skydio X10,Drone / UAV,60,180,2026-09-28 13:15:38,337,16.666667
-81.81039301,26.63508505,0,Skydio X10,Drone / UAV,60,163.54,2026-09-28 13:15:39,338,16.666667
-81.81039301,26.63495122,0,Skydio X10,Drone / UAV,60,180,2026-09-28 13:15:40,339,16.666667
-81.81035361,26.63483197,0,Skydio X10,Drone / UAV,60,163.54,2026-09-28 13:15:41,340,16.666667
-81.81035361,26.63469814,0,Skydio X10,Drone / UAV,60,180,2026-09-28 13:15:42,341,16.666667
-81.81035361,26.63456431,0,Skydio X10,Drone / UAV,60,180,2026-09-28 13:15:43,342,16.666667
-81.81035361,26.63443048,0,Skydio X10,Drone / UAV,60,180,2026-09-28 13:15:44,343,16.666667
-81.81031421,26.63431124,0,Skydio X10,Drone / UAV,60,163.54,2026-09-28 13:15:45,344,16.666667
-81.81031421,26.63417741,0,Skydio X10,Drone / UAV,60,180,2026-09-28 13:15:46,345,16.666667
-81.81028799,26.6340491,0,Skydio X10,Drone / UAV,60,169.65,2026-09-28 13:15:47,346,16.666667
-81.8102748,26.63391806,0,Skydio X10,Drone / UAV,60,174.86,2026-09-28 13:15:48,347,16.666667
-81.8102748,26.63378422,0,Skydio X10,Drone / UAV,60,180,2026-09-28 13:15:49,348,16.666667
-81.8102748,26.63365039,0,Skydio X10,Drone / UAV,60,180,2026-09-28 13:15:50,349,16.666667
-81.8102748,26.63351656,0,Skydio X10,Drone / UAV,60,180,2026-09-28 13:15:51,350,16.666667
-81.8102354,26.63339731,0,Skydio X10,Drone / UAV,60,163.54,2026-09-28 13:15:52,351,16.666667
-81.8102354,26.63326348,0,Skydio X10,Drone / UAV,60,180,2026-09-28 13:15:53,352,16.666667
-81.810196,26.63314424,0,Skydio X10,Drone / UAV,60,163.54,2026-09-28 13:15:54,353,16.666667
-81.810196,26.6330104,0,Skydio X10,Drone / UAV,60,180,2026-09-28 13:15:55,354,16.666667
-81.81015659,26.63291179,0,Skydio X10,Drone / UAV,60,160.34,2026-09-28 13:15:56,355,16.666667
-81.81015659,26.63277796,0,Skydio X10,Drone / UAV,60,180,2026-09-28 13:15:57,356,16.666667
-81.81015048,26.63264639,0,Skydio X10,Drone / UAV,60,177.62,2026-09-28 13:15:58,357,16.666667
-81.81011719,26.63252488,0,Skydio X10,Drone / UAV,60,166.24,2026-09-28 13:15:59,358,16.666667
-81.81011719,26.63239105,0,Skydio X10,Drone / UAV,60,180,2026-09-28 13:16:00,359,16.666667
-81.81007779,26.6322718,0,Skydio X10,Drone / UAV,60,163.54,2026-09-28 13:16:01,360,16.666667
-81.81003838,26.63214368,0,Skydio X10,Drone / UAV,60,164.63,2026-09-28 13:16:02,361,16.666667
-81.81003838,26.63200985,0,Skydio X10,Drone / UAV,60,180,2026-09-28 13:16:03,362,16.666667
-81.81003838,26.63187602,0,Skydio X10,Drone / UAV,60,180,2026-09-28 13:16:04,363,16.666667
-81.80999898,26.63175677,0,Skydio X10,Drone / UAV,60,163.54,2026-09-28 13:16:05,364,16.666667
-81.80999898,26.63162294,0,Skydio X10,Drone / UAV,60,180,2026-09-28 13:16:06,365,16.666667
-81.80999898,26.6314891,0,Skydio X10,Drone / UAV,60,180,2026-09-28 13:16:07,366,16.666667
-81.80999898,26.63135526,0,Skydio X10,Drone / UAV,60,180,2026-09-28 13:16:08,367,16.666667
-81.80995958,26.63125665,0,Skydio X10,Drone / UAV,60,160.34,2026-09-28 13:16:09,368,16.666667
-81.80995958,26.63112282,0,Skydio X10,Drone / UAV,60,180,2026-09-28 13:16:10,369,16.666667
-81.80995958,26.63098898,0,Skydio X10,Drone / UAV,60,180,2026-09-28 13:16:11,370,16.666667
-81.80992017,26.63086974,0,Skydio X10,Drone / UAV,60,163.54,2026-09-28 13:16:12,371,16.666667
-81.80989558,26.63074109,0,Skydio X10,Drone / UAV,60,170.3,2026-09-28 13:16:13,372,16.666667
-81.80988077,26.63061038,0,Skydio X10,Drone / UAV,60,174.22,2026-09-28 13:16:14,373,16.666667
-81.80988077,26.63047654,0,Skydio X10,Drone / UAV,60,180,2026-09-28 13:16:15,374,16.666667
-81.80984137,26.6303573,0,Skydio X10,Drone / UAV,60,163.54,2026-09-28 13:16:16,375,16.666667
-81.80984137,26.63022346,0,Skydio X10,Drone / UAV,60,180,2026-09-28 13:16:17,376,16.666667
-81.80984137,26.63008962,0,Skydio X10,Drone / UAV,60,180,2026-09-28 13:16:18,377,16.666667
-81.80984137,26.62995578,0,Skydio X10,Drone / UAV,60,180,2026-09-28 13:16:19,378,16.666667
-81.80980196,26.62983654,0,Skydio X10,Drone / UAV,60,163.54,2026-09-28 13:16:20,379,16.666667
-81.80980196,26.6297027,0,Skydio X10,Drone / UAV,60,180,2026-09-28 13:16:21,380,16.666667
-81.80980196,26.62956886,0,Skydio X10,Drone / UAV,60,180,2026-09-28 13:16:22,381,16.666667
-81.80980621,26.62952841,0,Skydio X10,Drone / UAV,60,185.36,2026-09-28 13:16:23,382,16.666667
-81.80982629,26.62941423,0,Skydio X10,Drone / UAV,60,188.93,2026-09-28 13:16:24,383,16.666667
-81.80982629,26.62928039,0,Skydio X10,Drone / UAV,60,180,2026-09-28 13:16:25,384,16.666667
-81.80980646,26.62915631,0,Skydio X10,Drone / UAV,60,171.87,2026-09-28 13:16:26,385,16.666667
-81.80978663,26.62903327,0,Skydio X10,Drone / UAV,60,171.8,2026-09-28 13:16:27,386,16.666667
-81.8097734,26.62890779,0,Skydio X10,Drone / UAV,60,174.62,2026-09-28 13:16:28,387,16.666667
-81.80976018,26.62878231,0,Skydio X10,Drone / UAV,60,174.62,2026-09-28 13:16:29,388,16.666667
-81.80976018,26.62864847,0,Skydio X10,Drone / UAV,60,180,2026-09-28 13:16:30,389,16.666667
-81.80976018,26.62851463,0,Skydio X10,Drone / UAV,60,180,2026-09-28 13:16:31,390,16.666667
-81.80976018,26.6283808,0,Skydio X10,Drone / UAV,60,180,2026-09-28 13:16:32,391,16.666667
-81.8097734,26.6282508,0,Skydio X10,Drone / UAV,60,185.19,2026-09-28 13:16:33,392,16.666667
-81.80980682,26.62813645,0,Skydio X10,Drone / UAV,60,194.64,2026-09-28 13:16:34,393,16.666667
